,francise,address,TEL
0,둔촌동역점,서울시 강동구 양재대로 1367,02-478-1205
1,김제모다아울렛점,전북특별자치도 김제시 용지면 콩쥐팥쥐로 844,063-770-8989
2,시흥배곧한라점,경기도 시흥시 서울대학로 172-20,070-4647-1013
3,종로정동사거리점,서울특별시 종로구 새문안로 46,NULL
4,대전대흥자이점,대전광역시 중구 충무로107번길 122,070-5056-4401
5,제주신비로점,제주특별자치도 제주시 주르레길 1,NULL
6,대전삼성아파트점,대전광역시 중구 계룡로 856,042-525-1229
7,양구버스터미널점,강원특별자치도 양구군 양구읍 중심로 196,033-854-7008 
8,마포시민공원점,제주특별자치도 제주시 구좌읍 월정3길 60,02-332-8631
9,대구으뜸병원점,대구광역시 중구 국채보상로 532-1,070-7575-0705
10,홍익대제3기숙사점,서울특별시 마포구 성미산로 55,070-4099-3800
11,순천서면점,전라남도 순천시 서면 삼산로 291,061-811-0677
12,잠실여고후문점,서울특별시 송파구 가락로 140,02-416-0321
13,전북임실점,전북특별자치도 임실군 임실읍 운수로 51,063-778-8777
14,광양칠성점,전라남도 광양시 광양읍 칠성리 126,070-7575-0700
15,은현농협에너지점,경기도 양주시 은현면 화합로 1148,070-7575-2448
16,대전안골네거리점,대전광역시 서구 동서대로 994 ,070-4099-0330
17,의정부호원한주점,경기도 의정부시 평화로 323,031-877-5190
18,대구만촌역태왕점,대구광역시 수성구 달구벌대로 2599,053-753-7487
19,안양포도원점,경기도 안양시 동안구 포도원로 4,031-429-1343
20,빽다방 빵연구소 안성당왕점,경기도 안성시 안성맞춤대로 1182 (당왕동),031-677-1182
21,대전효촌마을점,대전광역시 동구 동서대로1668번길 42,070-5100-6060
22,오산궐동점,경기도 오산시 궐리사로 31,070-4247-0925
23,속초해수욕장점,강원특별자치도 속초시 해오름로171,033-633-1022
24,퇴계원중학교점,경기도 남양주시 퇴계원읍 퇴계원로 53,031-527-7789
25,광명기아타운점,경기도 광명시 기아로 46,070-8211-3105
26,제주서광로동성길점,제주특별자치도 제주시 동성길 4 ,070-4333-2111
27,경기광주퇴촌점,경기도 광주시 퇴촌면 광동로 72,070-8822-1680
28,광명두산위브점,경기도 광명시 광덕산로 26,070-5055-1511
29,평택소사벌삼성타워점,경기도 평택시 평남로 858,070-7575-0707
30,익산마동풍경채점,전북특별자치도 익산시 서동로166,063-843-3464
31,대구복현네거리점,대구광역시 북구 동북로 297,070-4006-0270
32,부산부곡점,부산광역시 금정구 부곡로 130,051-512-7997
33,남양주호평점,경기도 남양주시 늘을3로 65-8,070-8780-0925
34,중랑묵동신도점,서울특별시 중랑구 중랑역로 273,02-6956-3594
35,광주고산점,경기도 광주시 고산길 34,NULL
36,대전홍도점,대전광역시 동구 동산초교로23번길 3,064-803-0661 
37,제주한라대점,제주특별자치도 제주시 한라대학로 73-1,064-803-0661 
38,천안성정현대점,충청남도 천안시 서북구 쌍용대로 297,070-5055-2779
39,서울한국외대점,서울특별시 동대문구 이문로 119 ,070-7575-0101 
40,부산역점,부산광역시 동구 중앙대로196번길 6-5,070-8666-3002
41,인천송도유원지점,인천광역시 연수구 청량로104,032-286-7979
42,군포신환점,경기도 군포시 번영로 577,NULL
43,시흥은계호수점,경기도 시흥시 은계로 260,070-7575-2987
44,인천송림아이원점,인천광역시 동구 송미로 7 ,032-765-0090
45,빽다방 빵연구소 구미옥계점,경상북도 구미시 산호대로25길 10 (옥계동),070-4800-6656
46,부산구포시장점,부산광역시 북구 구포시장5길 11,051-336-1147
47,김해아이스퀘어점,"경상남도 김해시 김해대로 2342, 아이스퀘어몰 1층 A-105호",070-5222-2022
48,인천검단연세프라자점,인천광역시 서구 이음5로 20,070-5100-0998
49,담양죽녹원점,전라남도 담양군 담양읍 객사4길 38-18,061-382-3337
50,석촌호수단길점,서울특별시 송파구 백제고분로39길 5 ,070-3348-8668
51,전남무안터미널점,전라남도 무안군 무안읍 무안중앙로 2,070-7776-4700
52,고양삼송시티점,경기도 고양시 덕양구 동송로 33 ,02-6448-0214
53,의정부경의교차로점,경기도 의정부시 평화로 467 ,070-5055-1112
54,중곡사거리점,서울특별시 광진구 용마산로 51,NULL
55,노원상계3단지점,서울특별시 노원구 동일로217가길 39 ,NULL
56,제주동문시장점,제주특별자치도 제주시 동문로 4,NULL
57,신내지하차도점,서울특별시 중랑구 신내로 7,NULL
58,부평보건소점,인천광역시 부평구 부흥로293번길 8,070-5001-0016
59,수원오목천점,경기도 수원시 권선구 삼천병마로1592번길 3,070-5055-3353
60,전주효자상산점,전북특별자치도 전주시 완산구 효자천변2길 13,070-7777-8919
61,한남순천향점,서울특별시 용산구 대사관로 56,02-790-1847
62,김천부곡점,경상북도 김천시 부곡길145,010-8817-6166
63,서울경희대점,서울특별시 동대문구 경희대로 20,070-5055-2055
64,세종시립도서관점,세종특별자치시 세종로 1219,044-868-8200
65,대전노은파로스빌점,대전광역시 유성구 은구비로 18,070-4333-0005
66,천안직산산단점,충청남도 천안시 서북구 직산읍 4산단7로 92,NULL
67,대전한신s메카점,대전광역시 유성구 테크노3로 65,042-321-9900
68,구리검배로점,경기도 구리시 검배로 27 ,031-522-6392
69,신동탄헤센타워점,경기도 화성시 영통로60번길 7,070-7575-0337
70,대구동성로공평점,대구광역시 중구 동성로6길 77,053-255-4456
71,대전갈마네거리점,대전광역시 서구 신갈마로 186,070-4012-6582
72,서울JD타워점,서울특별시 중구 동호로 347,NULL
73,완주군청점,전라북도 완주군 용진읍 운곡4로 20,063-714-3300
74,서울숭미초교점,서울특별시 도봉구 노해로 178 ,070-8211-3455
75,이천마장점,경기도 이천시 마장면 마장로52번길 16,070-5222-2027 
76,판교우림w시티점,경기도 성남시 분당구 판교로255번길 9-22,031-628-8954
77,동수원사거리점,경기도 수원시 팔달구 경수대로 603,031-242-2738
78,제기동역점,서울특별시 동대문구 왕산로 110,NULL
79,인천성민병원점,인천광역시 서구 신석로 79,032-577-5122
80,인천연수대림점,인천광역시 연수구 원인재로 286,070-4116-5000
81,군산대야점,전라북도 군산시 대야면 번영로 908,063-731-1222
82,제주하귀점,제주도 제주시 애월읍 하광로 12,070-5001-1190
83,광진화양삼거리점,서울특별시 광진구 광나루로 370 ,070-5222-1446 
84,대구남평리네거리점,대구광역시 서구 서대구로77,053-710-9228
85,전북장수점,전라북도 장수군 장수읍 장천로 175,070-5222-1333
86,다산역점,경기도 남양주시 다산중앙로145번길 15,031-552-9035
87,충북혁신도시음성점,충청북도 음성군 맹동면 대하로 291,070-4647-2641
88,종로3가대로점,서울특별시 종로구 종로 118 ,02-2273-3777
89,평택고덕국제신도시점,경기도 평택시 함박산8길 29,NULL
90,신이문역점,서울특별시 동대문구 신이문로 39,070-4027-3638
91,광주상무금호타운점,광주광역시 서구 치평로 24,NULL
92,중곡가구거리점,서울특별시 광진구 천호대로 575,070-8656-9729
93,잠실대교북단점,서울특별시 광진구 자양로 48 ,02-6958-9358
94,고양현대테라타워점,경기도 고양시 덕양구 향동로 218,02-710-5524
95,주문진교항점,강원특별자치도 강릉시 주문진읍 연주로 293,NULL
96,대구복현점,대구광역시 북구 검단로 8,NULL
97,종로5가역점,서울특별시 종로구 종로 213,02-745-2147
98,부산영도동삼점,부산광역시 영도구 동삼로 61,051-911-1226
99,전주송천센트럴파크점,전북특별자치도 전주시 덕진구 송천로 1,NULL
100,제주한경면수월봉점,제주특별자치도 제주시 한경면 고산서3길 1,064-772-1253
101,대구두류공원점,대구광역시 달서구 두류공원로 244,070-7575-0717
102,부천테크노파크점,경기도 부천시 오정구 삼작로 22,032-321-8692
103,전주모래내시장점,전북특별자치도 전주시 덕진구 안덕원로 165,063-255-3601
104,몽촌토성역점,서울특별시 송파구 백제고분로51길 23,02-423-3090
105,대구황금역SK뷰점,대구광역시 수성구 동대구로 95,053-767-0106
106,대구고성동오페라점,대구광역시 북구 고성북로 34,053-217-7553
107,시흥매화산단점,경기도 시흥시 매화동 846,NULL
108,강릉강문해변점,강원특별자치도 강릉시 창해로350번길 21,NULL
109,익산부송주공점,전북특별자치도 익산시 궁동로 126,063-723-3232
110,소사역점,경기도 부천시 원미구 소사로282번길 8,032-342-5488 
111,관악인헌점,서울시 관악구 남부순환로 1944,NULL
112,행신햇빛마을점,"경기도 고양시 덕양구 중앙로554, 1층 108호",070-5055-2424
113,과천상상자이점,경기도 과천시 과천대로 7길 65 ,070-5001-6003 
114,시흥시청점,경기도 시흥시 시청로 33,070-8770-4793
115,천안신방초원점,충청남도 천안시 동남구 신촌4로 16,041-577-3206
116,부천역점,경기 부천시 원미구 부천로 4-1,NULL
117,시흥정왕유천점,경기도 시흥시 중심상가로 324,070-8666-3222
118,옥정호수공원점,"경기도 양주시 옥정동로 193, 106호",070-4800-0016
119,진해북원로터리점,경상남도 창원시 진해구 여명로 4,055-713-7113
120,화정중앙공원점,경기도 고양시 덕양구 화신로 259 ,031-971-4725
121,쌍문역2번출구점,서울 도봉구 도봉로 476 ,NULL
122,강북중학교점,서울특별시 강북구 한천로150길 70,070-4888-2121
123,도봉구청점,서울특별시 도봉구 마들로 650,02-3494-0410
124,대전용산점,대전광역시 유성구 용산1로 83 1층,042-933-8624
125,당진합덕점,충청남도 당진시 합덕읍 덕평로 553,041-363-9394
126,춘천엔타점,강원특별자치도 춘천시 후석로 120 춘천ENTA몰 1층 109호 ,070-8813-8709
127,상암이안점,서울 마포구 월드컵북로 361,070-8287-2690
128,인천산곡고점,인천광역시 부평구 부영로189번길 36,032-501-2587
129,청량리우남SL타워점,서울특별시 동대문구 왕산로 186,070-8667-7560
130,안양대우상가점,"경기도 안양시 만안구 안양동 70, 안양대우아파트 상가 102호",070-4099-0440
131,종합운동장역점,서울특별시 송파구 올림픽로 76 ,NULL
132,성남금광금빛점,경기도 성남시 중원구 광명로 317,031-735-4847
133,평택고덕SBC점,경기도 평택시 고덕여염로 118,031-8054-7879
134,대전괴정점,대전광역시 서구 괴정로 29,042-537-1401
135,인천효성e편한세상점,"인천광역시 계양구 효서로 145, 상가 2동 1층 106호",070-5014-4662
136,신영통현대점,경기도 화성시 영통로 59,070-5001-1818
137,부평역지하상가점,"인천광역시 부평구 광장로 지하30, 35호 36호 ",032-715-5597
138,상계하늘공원점,서울특별시 노원구 덕릉로738,070-7585-9502
139,대전트리풀시티호수점,대전광역시 서구 도안동로 234,042-542-3283
140,서귀포중문로터리점,제주특별자치도 서귀포시 중문관광로 348,064-739-2139 
141,화곡중앙시장점,서울특별시 강서구 가로공원로76길 75,02-2602-7779
142,영등포시장사거리점,서울시 영등포구 영등포로 202,02-6338-0328
143,대전도안갑천레이크점,"대전광역시 유성구 원신흥로122-11, 1층 102호",042-721-0063
144,장승배기역점,서울특별시 동작구 장승배기로 71,070-4333-3993
145,천안아산역점,"충청남도 아산시 배방읍 고속철대로 147, 우성메디피아 1층",041-910-0040
146,진주혁신소호점,경상남도 진주시 범골로54번길 19,070-8667-6608
147,문래SKV1센터점,서울특별시 영등포구 선유로9길 10,NULL
148,완주용진점,전북특별자치도 완주군 용진읍 완주로 212,NULL
149,청주문의IC주유소점,충청북도 청주시 상당구 문의면 미천고은로 61,043-284-5155 
150,인천검단더시글로점,인천광역시 서구 원당대로 966,NULL
151,세종전의점,세종특별자치시 전의면 운주산로 1200,044-868-1776
152,가양중앙점,서울특별시 강서구 양천로57길 13,070-4012-7107 
153,종로3가낙원점,서울특별시 종로구 수표로 115-1,NULL
154,대전신성산단점,대전광역시 유성구 유성대로1184번길 5-5,042-867-0305
155,세종고운하모니점,세종특별자치시 마음로 272-28,044-866-4806
156,광주운암벽산점,광주광역시 북구 황계로 59,070-4333-4222
157,광주성원점,경기도 광주시 태봉로 51,031-699-8044
158,청주옥산점,충청북도 청주시 흥덕구 옥산면 청주역로 625,043-263-1008
159,안양중앙시장점,경기도 안양시 만안구 병목안로 15,070-4242-2240
160,성남모란역점,경기도 성남시 중원구 광명로 2,031-755-5557
161,부평여고점,인천광역시 부평구 부흥로 249,032-221-7668
162,평택안정점,경기도 평택시 팽성읍 안정쇼핑로 38-1,0507-1442-4646
163,세종부강점,세종특별자치시 부강면 부강로 53,044-998-0004
164,군산내흥점,전북특별자치도 군산시 정자로 64,063-912-9005 
165,부천춘의점,경기도 부천시 원미구 부천로198번길 27,NULL
166,서울중계초교점,서울특별시 노원구 한글비석로15길 27,02-6956-6001
167,광진이튼1차점,서울특별시 광진구 능동로 68 이튼타워리버1차 1층 114호 ,02-446-5658
168,제주보성시장점,제주특별자치도 제주시 중앙로 179 ,064-722-6496
169,청주사직푸르지오점,충청북도 청주시 서원구 예체로 55,070-7807-5260
170,천안남서울대점,충청남도 천안시 서북구 성환읍 성진로 57,070-4060-8828
171,대전송촌5단지점,대전광역시 대덕구 동춘당로44번길 11,070-5055-1234
172,당진신평점,충청남도 당진시 신평면 거산3거리길 13,041-362-1103
173,노량진2동점,서울시 동작구 노량진로 110,070-8633-5091
174,영등포도림점,"서울 영등포구 도림로 386, 웰니스 1층",070-7777-3633
175,동탄현대실리콘앨리점,경기도 화성시 동탄영천로 150,031-5180-0724
176,파주한빛마을점,경기도 파주시 와석순환로 66,070-5222-2020
177,하남망월점,경기도 하남시 미사강변동로 70,NULL
178,충무로필동점,서울특별시 중구 필동로 31,02-2274-1905
179,병점역SK뷰점,"경기도 화성시 경기대로990, 104동 상가 1층",070-8666-6337
180,여주태평리점,경기도 여주시 가남읍 태평로 56,070-7759-7770
181,퍼블릭가산점,"서울 금천구 디지털로 178, 현대지식산업센터 가산퍼블릭 B동 135호",02-2114-8550
182,군포송정점,경기도 군포시 송부로 88,070-5001-5505
183,상주시청점,경상북도 상주시 상서문2길 112,054-907-5535
184,일산식사구제거리점,경기도 고양시 일산동구 견달산로 265,070-4107-7077
185,창동에이치큐브병원점,서울특별시 도봉구 도봉로 604,02-541-6667
186,인천석남역점,인천광역시 서구 가정로 237-1 ,070-5208-7888
187,강릉남산초교점,강원도 강릉시 남부로 125번길 26,070-8815-4566
188,의성도리원,경상북도 의성군 봉양면 도리원1길 63-1,NULL
189,제주애월항점,제주특별자치도 제주시 애월읍 애월로13길 54-1,070-8822-9999
190,인천삼산미래타운점,인천 부평구 부평북로 442 삼산프라자 1층 103호 ,070-5001-0100
191,과천디테크타워점,경기도 과천시 과천대로7길 33,02-6390-6040
192,안산반달섬점,"경기도 안산시 단원구 시화호수로 623, 131호",NULL
193,방학사거리,서울시 도봉구 도봉로 679,02-6958-7770
194,양산석산점,경상남도 양산시 동면 석산리 1449-6,NULL
195,상봉이지팰리스점,"서울특별시 중랑구 망우로316, 1층 104호",02-6952-4836
196,부천중동시장점,"경기도 부천시 원미구 부흥로 199, 1층",070-5222-8700 
197,병점역복합타운점,경기도 화성시 병점노을5로 26 ,031-222-9764
198,구로구청점,서울특별시 구로구 구로동 431-3,NULL
199,천안삼거리점,충청남도 천안시 동남구 충절로 369,070-5222-8080
200,전주혁신1호점,전북특별자치도 전주시 덕진구 기지로 77,063-222-7798
201,부평북부역점,인천광역시 부평구 경원대로 1366,032-501-7665
202,경기광주능평점,경기도 광주시 능평로 55 ,031-711-0527 
203,제주송악산점,제주 서귀포시 대정읍 형제해안로 316 ,064-792-6171
204,구리한양대병원점,"경기도 구리시 경춘로 167, 102호",070-7575-2787
205,오산원동롯데캐슬점,"경기도 오산시 원당로 35, 오산롯데캐슬스카이파 상가2동 102호",070-4070-0006
206,인천서부여성회관점,인천광역시 서구 서달로11번길 2,032-213-5678
207,하남신장동일점,경기도 하남시 대청로59번길 24,070-5222-7575
208,강남을지논현점,서울특별시 강남구 논현동 64-8,070-4333-0808
209,순천용당점,전라남도 순천시 용당동 564-5,NULL
210,문경새재점,경상북도 문경시 문경읍 상초리 288-55,010-5959-7899
211,대구수성범어w점,대구광역시 수성구 달구벌대로 2436,070-7575-0062
212,세종고대점,"세종특별자치시 조치원읍 내창3길 24, 1층 101호",070-4175-2397
213,중랑신내프라디움점,서울시 중랑구 망우동 584 시티원스퀘어,070-4792-4200
214,안양평촌센텀퍼스트점,"경기도 안양시 동안구 갈산로 15, 평촌센텀퍼스트 단지내 상가 A동 121호",031-427-7487
215,시흥신천역점,경기도 시흥시 신천로80번길 1,070-7575-2525
216,세종홍대점,세종특별자치시 조치원읍 신안리 445-6,070-8657-2018
217,안성공도진사점,경기도 안성시 공도읍 진사길 10,070-4833-3207
218,빽다방 빵연구소 용인보라점,경기 용인시 기흥구 한보라2로 5-5 ,031-275-8354
219,구미봉곡점,경상북도 구미시 봉곡남로 68,054-441-1110
220,제주용문마을회관점,제주특별자치도 제주시 용문로 128,064-753-0001
221,대치사거리점,서울특별시 강남구 삼성로 345,070-4151-3080
222,하남감일월드점,경기도 하남시 감일백제로 161,070-7698-6789
223,원주공군비행단점,강원특별자치도 원주시 소초면 의관리 542-5 청나래 복지센터 2층,033-735-8820 
224,대구파동나이스점,"대구광역시 수성구 파동로 96, A동 1층", 053-716-7259
225,대구경북예고점,대구광역시 남구 대명동 1805-25,053-213-9969
226,이대점,서울특별시 서대문구 이화여대길 28,070-7777-9020
227,한예종석관점,서울특별시 성북구 화랑로32길 149,02-963-2925
228,파주오산리점,경기도 파주시 조리읍 등원로 373,070-4530-0730
229,남양주도농애시앙점,경기도 남양주시 도농로24 부영애시앙 원앙관 1층,NULL
230,대전관저더젠병원점,"대전광역시 서구 계백로 1013, 더젠병원 103호(관저동)",070-5223-0201
231,잠실방이점,"서울시 송파구 올림픽로 350, 1층 101호 ",02-424-0410
232,속초중앙시장점,강원특별자치도 속초시 중앙시장로6길 44,070-8899-5504
233,전북무주점,전북특별자치도 무주군 무주읍 단천로 95,063-322-0763
234,안산초지매매단지점,경기도 안산시 단원구 원포공원2로 24,070-8680-1079
235,부산광안역점,"부산광역시 수영구 광안동 744-15, 1층",070-7701-7770
236,동탄서연점,"경기도 화성시 동탄대로4길 47, 1층 106호",070-5222-3433
237,광주회덕점,"경기도 광주시 회덕동 274-4, 1층 101호",NULL
238,아산선문대점,충청남도 아산시 탕정면 탕정면로 117,041-541-4836
239,인천연수영남점,인천 연수구 새말로107번길 15 ,032-818-0360 
240,삼천포점,경상남도 사천시 벌리동 258-10,055-833-0740
241,서귀포호근동희망점,제주특별자치도 서귀포시 호근동 807-2,064-900-0566 
242,수유사거리점,서울특별시 강북구 수유로 84,070-4799-0240
243,청주방서호반우미린점,충청북도 청주시 상당구 동남로 20,070-7840-2515
244,수원탑동초교점,경기도 수원시 권선구 금호로 220,031-8019-8977
245,부산거제레이카운티점,"부산시 연제구 아시아드대로 39, 상가동 2단지 1층 120호",070-8287-2918
246,전주마전점,전라북도 전주시 완산구 홍산로 375,063-715-2288
247,남양주진접제일점,"경기도 남양주시 진접읍 금강로 1529, 1층",031-527-8481
248,인덕원벌말점,경기도 안양시 동안구 평촌동 68-14,070-8666-1356
249,부산연산시장점,부산광역시 연제구 연산동 788-8 1층,NULL
250,대천해수욕장점,충남 보령시 해수욕장4길 66,NULL
251,용인고진초교점,경기도 용인시 처인구 고림동 1014 상가동 1층 5호,031-333-1854
252,구리장자호수공원점,경기 구리시 장자대로86번길 18,031-568-7232
253,아산터미널점,충남 아산시 모종동 557-15 1층,041-531-1008
254,송탄출장소점,경기도 평택시 특구로 19 ,031-662-0766
255,대구경대해링턴점,대구광역시 동구 경대로 126,053-942-6300
256,대흥역점,"서울 마포구 대흥로 79 , 1층",02-715-0102
257,영월중앙점,강원특별자치도 영월군 영월읍 중앙로 36,033-373-0108
258,오목교중앙점,서울특별시 양천구 목동동로12길 45,02-2061-4409
259,신상도초교점,"서울시 동작구 양녕로 183, 1층  ",NULL
260,인천청천그랑힐스점,인천광역시 부평구 산청로 97,070-8657-3867
261,반포원베일리스퀘어점,서울특별시 서초구 반포대로 291 (반포동) 1층 B101호 ,02-6404-5565
262,제주한림점,제주특별자치도 제주시 한림읍 한림중앙로 72 ,064-796-0166
263,석계역문화공원점,서울 노원구 석계로3길 3,NULL
264,대전탄방이편한세상점,대전광역시 서구 탄방동 86-3 정인빌딩 1층 ,042-487-1095
265,안양예술사거리점,"경기도 안양시 만안구 경수대로 1173, 1층 101호",031-471-1002
266,노원역북부점,"서울 노원구 상계로3길 21 (상계동, 화일빌딩) 1층 101호",02-2138-2405
267,광명티아모IT타워점,"경기기 광명시 하안동 304, 1층 111호 ",02-899-9355
268,대전용문역점,대전 서구 도산로 372,070-8806-0304
269,오류동역북부점,서울특별시 구로구 오류동 55-51,02-2616-3442
270,대구수성구청역점, 대구 수성구 범어동 221-8 1층,053-751-3579
271,남양주도심역점,"경기도 남양주시 와부읍 덕소로 244, 1층 일부",031-577-1211
272,아산모종점,충남 아산시 모종동 648,041-547-9100
273,영암삼호점,전라남도 영암군 삼호읍 신항로 100,064-462-1206
274,청주수곡점,"충청북도 청주시 서원구 구룡산로 245-1, 1층(수곡동)",043-902-0410
275,부산수영역점,부산광역시 수영구 연수로416번길8,051-715-8434
276,고성간성점,강원특별자치도 고성군 간성읍 간성로 36,NULL
277,부산공항덕두점,부산광역시 강서구 공항로811번길 38,051-946-3690
278,전남구례점,전남 구례읍 중앙로 37,061-782-0537
279,오산주공5단지점,경기 오산시 대원로 63 ,070-4060-8684
280,천안두정고점,충남 천안시 서북구 두정로 117,070-8666-1664
281,자양전통시장점,"서울시 광진구 자양로15길 52, 1층 102호",02-2138-1334
282,정약용도서관점,경기도 남양주시 다산동 6175 1층 101호,031-566-9396
283,서여의도점,서울특별시 영등포구 국회대로70길,070-7575-0010
284,울산매곡점,울산광역시 북구 매곡동 628.참조은빌딩 1층 ,052-922-3548
285,전주신일강변점,전북 전주시 완산구 효자천변1길 27,063-714-2070
286,충주교통대점,충북 충주시 대소원면 대학로 19-3,NULL
287,한강성심병원점,"서울 영등포구 영등포동7가 29-105, 1층 일부",02-2676-1057
288,인천효성유승점,인천 계양구 아나지로 75 효성다섬프라자 1층,032-266-0011
289,강동비즈밸리점,"서울 강동구 고덕비즈밸리로 26, B동 1층 117호",02-6072-0660
290,전주근영점,전북특별자치도 전주시 완산구 백제대로 264,063-222-4833
291,인천영종센텀베뉴점,인천광역시 중구 중산동 1871-1,070-8680-0731
292,연천전곡점,경기 연천군 전곡읍 온골로 49 1층,031-832-2220
293,인천청라휴먼시아점,인천 서구 청라커낼로233번길 4,032-710-4972
294,용현송산역점,경기도 의정부시 용현동 8-8 1층 빽다방 ,070-8887-1963
295,천안풍세점,충남 천안시 동남구 풍세면 보성리 742,041-415-0199
296,용인양지점,경기도 용인시 처인구 양지면 양지로 145 1층,031-333-0046
297,강원인제점,강원특별자치도 인제군 인제읍 인제로 203,070-8676-1166
298,사천카이점,경남 사천시 사남면 유천리108번지.삼정그린코아상가143동119호,070-4010-5687
299,빨래골입구점,"서울시 강북구 삼양로293, 1층 106,107호",070-4793-0240
300,전남고흥녹동점,"전라남도 고흥군 도양읍 비봉로154, 1층",070-8703-0220
301,부천역곡역북부점,경기도 부천시 역곡동 111-8 ,070-4006-3345
302,북가좌점,서울특별시 서대문구 북가좌동 280-12 1층 빽다방,070-4015-7852
303,서원역점,서울 관악구 신림로 264 1층 101호 ,NULL
304,대전교촌점,대전광역시 유성구 교촌동 623-9 ,070-7777-7759 
305,군산지곡점,군산시 옥산면 당북리 431-14 1층,063-467-0724
306,대구달성공원역점,대구 광역시 중구 수창동 65-14 ,053-253-1803
307,제주노형월랑점,제주특별자치도 제주시 노형동 1044-8 1층,064-748-0305
308,고양일고점,경기도 고양시 덕양구 읍내로 10,070-8657-1793
309,진주혁신아이프라자점,경상남도 진주시 충무공동 328-3 (1층),070-7808-1211
310,은평DYB점,서울 은평구 가좌로 204,NULL
311,대전태평유등점,대전광역시 중구 태평동 339-1 ,NULL
312,안산중앙주공점,경기 안산시 단원구 예술대학로 82 ,070-4162-2665
313,천안신부희망초교점,충청남도 천안시 동남구 단대로 18,070-4012-0814
314,오리역점,경기도 성남시 분당구 구미동 185-3,031-719-2088
315,판교삼환하이펙스점,"경기 성남시 분당구 판교역로 230, B동 113호",NULL
316,진주충무공점,"경남 진주시 충무공동 22-14, 107호 ",070-8657-3323
317,인천작전역힐스테이트점,인천 계양구 봉오대로651번길 4,032-710-1089
318,중랑구청점,서울시 중랑구 신내동 666 신아타운 1층 104호,02-3422-6540
319,서귀포중문점,제주특별자치도 서귀포시 천제연로97(색달동),064-738-6578
320,부산만덕점,"부산광역시 북구 만덕2로44번길 77, 1층 빽다방",051-337-9453
321,전주덕진구청점,전라북도 전주시 덕진구 벚꽃3길 10 (진북동),070-4322-3345
322,종로숭인대경점,"서울 종로구 난계로 255 (숭인동, 대경빌딩) 1층",02-2233-0099
323,사당네스코점,서울 관악구 남부순환로 2064,02-583-0005 
324,기흥역사거리점,경기 용인시 기흥구 기흥로 4,070-8287-2674
325,충주호암신도시점,충청북도 충주시 호암수청1로 51,043-724-2255
326,대전용운중앙점,대전 동구 용운동 431-1 ,070-4035-7800
327,목동우성점,서울 양천구 목동남로 46,070-7604-2179
328,중계본동점,"서울특별시 노원구 중계로12가길 2, 103호 빽다방",02-936-8365
329,호원범골역점,"경기도 의정부시 신흥로 130, 1층 (온누리 빌딩)",031-837-0311
330,전주우전점,전북 전주시 효자동2가 203-5,NULL
331,전주교대점,"전라북도 전주시 완산구 전주천서로69, 2층(동서학동)",063-288-2950
332,진주시청점,경상남도 진주시 도동천로 112 (상대동) ,055-920-2060
333,전농동전동초교점,서울 동대문구 사가정로 145,070-4420-5111 
334,동대문역사문화공원역점,"서울 중구 을지로43길 13 (을지로6가, 대화빌딩) 1층",0507-1351-1859
335,동탄목동점,경기 화성시 동탄순환대로18길 16,031-8055-8113
336,아산배방삼성점,충남 아산시 배방읍 배방로173번길 1 1층 101호,070-8657-0987
337,금천롯데캐슬점,"서울시 금천구 시흥대로291,310동 지하1층 B16호(독산동, 금천롯데캐슬골드파크3차)",02-6952-3935
338,종로르메이에르점,서울시 종로구 종로1가24,070-4006-1809
339,칠곡남율점,경북 칠곡군 석적읍 남율리 1315,054-975-0888
340,인천미추홀구청점,인천 미추홀구 숭의동 173-41  1층,032-888-2891
341,거제사등점,경남 거제시 사등면 사등리 1949,055-635-6688
342,왕십리텐즈힐점,서울 성동구 마장로 137(텐즈힐몰 1층 111호),070-4012-3878
343,남양주오남한신점,경기 남양주시 오남읍 진건오남로 545-5,070-4027-211
344,빽다방 빵연구소 화정DT점,경기도 고양시 덕양구 충장로 285 (화정동10474),070-4035-2596~7
345,대전목상점,대전광역시 대덕구 목상동 185-1 상가 1층,042-710-3636
346,빽다방 빵연구소 평택청북점,경기도 평택시 청북읍 옥길리 1156-3,070-4110-0116
347,분당정자엠코점,"경기도 성남시 분당구 정자일로 146, A108호",031-719-8954
348,오송2산단파라곤점,"충청북도 청주시 흥덕구 오송읍 오송생명7로 146, 103호",043-715-1008
349,완주고산점,전북 완주군 고산면 고산로 81 1층,070-4006-0879
350,군자역점,서울특별시 광진구 능동로35길 7 ,02-498-6301 
351,부천소새울역점,"경기 부천시 소사로 119 ,1층",070-4035-3250
352,부산용호현대비치점,부산 남구 용호로42번길 14. 1층 110호,0507-1374-2068
353,합정역사거리점,서울 마포구 독막로 2길 10 (합정동 373-3),0507-1490-7847
354,부산수영구청점,"부산시 수영구 광남로 31, 1층",051-912-4567
355,사당방배점,"서울 서초구 동작대로 68, 1층",02-6954-0918
356,용산한강로3가점,"서울시 용산구 한강대로 15길 9, 1층 102호",02-6013-8624
357,시흥장현점,경기도 시흥시 황고개로 526 중앙프라자 제 1층 (101호),070-7543-2228
358,대전대덕밸리점,대전시 유성구 테크노중앙로 155,042-710-9595
359,진영중흥S클래스점,경남 김해시 진영읍 진영리 1634-6,070-4066-2551
360,인천불로점,인천 서구 검단로768번길 4 방주프라자 103호,070-4077-1349
361,의정부세무서점,"경기도 의정부시 둔야로49번길 49, 1층(의정부동, 담소리빌딩)",070-4070-5280
362,시흥배곧도서관점,경기도 시흥시 배곧4로 99 (배곧동),070-4070-0174
363,신림역2호점,서울 관악구 신림로 324 1층,NULL
364,진해우림필유점,경남 창원시 진해구 해원로 43,055-715-1040
365,대전가온비즈타워점,대전 대덕구 대화로 120 R116호,042-345-2227
366,대구상매혁신산단점,대구 동구 이노밸리로 3 (상매동) 1층,070-7809-4266
367,제주도청점,제주시 신대로 7길 7,070-8900-3535
368,인천경인교대역점,"인천 계양구 계산동 968-38, 1층 빽다방",NULL
369,안산제1종합시장점,"경기도 안산시 단원구 선이로 6, 101호 빽다방 (선부동, 일신건영휴먼빌아파트상가)",070-7798-1279
370,대전중리가구거리점,대전광역시 대덕구 한밭대로 1157,042-624-0600
371,제주월정리점,제주특별자치도 제주시 구좌읍 월정리 545,NULL
372,안산시그니처타워점,경기도 안산시 상록구 사동 1639-20 그랑시티 시그니처타워 1층 (112호),070-4006-8668
373,천안공주대점,충남 천안시 서북구 공대길 23 (부대동),070-8716-2525
374,화성정남발산점,경기 화성시 정남면 만년로 442-18 1층 ,NULL
375,일원영희초교점,"서울 강남구 일원로 3길20, 1층 빽다방",02-451-1103
376,아산신창점,충남 아산시 신창면 남성길 134,NULL
377,약수시장점,서울특별시 중구 다산로8길 17,02-6104-6227 
378,대구파티마삼거리점,"대구광역시 동구 동대구로 590 302동 지하1층, 102호(신암동, 동대구역화성파크드림오피스텔)",070-4048-6962
379,익산시청점,전북 익산시 인북로 234,070-4048-1112
380,양평구산드림타워점,서울 영등포구 선유로 47길 15,02-2636-4246
381,거제한화오션남문점,경상남도 거제시 거제대로3437,010-6606-1102
382,화성봉담2지구점,경기 화성시 봉담읍 상리중심상가길 28-9 ,031-292-1229
383,종암동아이파크2차점,"서울특별시 성북구 종암동 131-2, 1층",NULL
384,상계백병원점,서울 노원구 동일로 1354,070-4333-4229
385,서대구영무예다음점,"대구광역시 서구 당산로 446, 363동 103호(평리동 633-29번지 외)",0507-1498-9887
386,대전둔곡점,대전 유성구 구룡동 770-10 번지,070-4334-7767
387,양산북정점,"경상남도 양산시 북정동 891-12,1층",070-4012-4009
388,용인백암점,경기도 용인시 처인구 백암면 백암로 217,070-4333-1236
389,세종집현점,"세종시 집현동 1128,1층",0507-1338-0726
390,수원율전점,경기 수원시 장안구 서부로 2157 1층,031-895-5808
391,대전대동점,대전 동구 대동 542 다온빌딩 1층 106호,042-272-6636
392,월계그랑빌점,서울 노원구 월계동 18 1층 110호,NULL
393,인천간석북부역점,인천 남동구 석정로 518 엠타워 1층 104호,0507-1315-9084
394,월계롯데캐슬루나점,서울 노원구 월계로 45길 21,070-4333-8234
395,파주적성점,"경기도 파주시 적성면 청송로1026, 1층 일부",NULL
396,진주교대점,경상남도 진주시 신안동 433. 1층,070-4333-8484
397,여의도역점,서울특별시 영등포구 여의나루로 42,02-785-1117
398,강릉중앙시장점,강원도 성남동 60-20,033-823-2773
399,강릉옥천점,강릉시 옥천동 287 ,070-4911-7333
400,부산충무해안시장점,부산 서구 자갈치로 10길 (충무동1가 12-9),051-245-1950
401,구미4공단점,경상북도 구미시 산동면 봉산리 577-2 1층,054-475-5956
402,순천한국병원점,순천시 덕연로 66 1층,070-4048-6667
403,인천화전초교점,"인천광역시 계양구 주부토로 374, 1층 (102호)",070-4048-4550
404,대학로점,서울특별시 종로구 대학로 89(연건동) 1층,070-4764-1803
405,중화동제일시장점,서울 중랑구 묵동 250-38,070-4035-8113
406,김해삼계중앙점,경남 김해시 해반천로 144번길 12,NULL
407,대전학하오투그란데점,"대전광역시 유성구 학하서로20번길14, 101호",070-4048-5220
408,김해부원점,김해시 부원동 612-14. 1층,055-904-2890
409,당진터미널점,충청남도 당진시 밤절로 136,070-4070-6500
410,동대구신천테라스점,대구 동구 신천동 331-1,054-745-4456
411,빽다방 빵연구소 수원영통점,경기 수원시 영통구 중부대로447번길 9,031-222-1227
412,남악도청사거리점,전남 무안군 남악리 2024,061-281-1112
413,광주매곡점,광주광역시 북구 서하로 123,070-4006-1125
414,신도림큐브스테이트점,서울 구로구 경인로 611-7 102호,NULL
415,종로평창동점,"서울 종로구 평창문화로 75 (평창동, 글로리아타운) A동 112호",0507-1380-5031
416,시흥거북섬점,경기도 시흥시 거북섬남로 47,031-433-1867
417,마들역점,"서울 노원구 동일로 1554 (상계동, 다래빌딩) 1층",070-4212-0553
418,천안순천향병원점,충남 천안시 동남구 순천향4길 40,041-578-5800 
419,춘천강북점,"강원도 춘천시 충열로 1, 1층",033-251-8886
420,평택용죽점,경기도 평택시 용죽3로 20,070-8657-2129
421,청주탑동점,충북 청주시 상당구 용담로 50,070-4035-8300
422,갈매금강펜테리움점,경기 구리시 갈매순환로166번길 46 금강펜테리움타워 M-142호,031-869-2454
423,전남진도점,전남 진도군 진도읍 남동리 780-1,0507-1464-8904
424,대전새여울초점,대전 대덕구 석봉동 501-3,070-4047-4400
425,전주평화모악로점,전라북도 전주시 완산구 모악로4655 1층 빽다방,063-715-2550
426,청라국제업무단지점,인천 서구 청라한내로100번길 24 1층 132호,NULL
427,세종용포대평시장점,세종시 금남면 용포리 193-30,070-7711-2727
428,시흥대야역점,경기 시흥시 대야동 650-1,031-509-0514
429,대구만촌팔레스점,대구 수성구 만촌동 1463-1 1층,070-4012-7300
430,해방촌오거리점,서울특별시 용산구 신흥로20길 1,070-4010-8803
431,대구대현점,대구 북구 대현동 277-11,0507-1371-8729
432,인천송현점,"인천 동구 송현로 25 (송현동, 동인천역코아루시티) 110호",NULL
433,계룡대실지구점,"충청남도 계룡시 두마면 농소로 63, 1층",070-8893-8554
434,청라3단지루비점,인천 서구 청라동 145-2 청라유-에이치에이유에스 102호,070-4334-5503
435,목포옥암부주점,전남 목포시 남악1로52번길 27. 1층,061-282-6623
436,청라더리브티아모점,"인천광역시 서구 청라동 202-3, 1층",032-263-1276
437,부산부경대점,부산 남구 수영로 334번길 53,070-4833-7511
438,전주한옥마을점,전주시 완산구 풍남문2길 9,063-287-1379
439,원주단관점,"원주시 단구로 398 , 상가동 b 103호",033-766-7880
440,청주분평농협사거리점,충북 청주시 서원구 청남로 2010,0507-1409-0820
441,제주이호테우점,제주특별자치도 제주시 이호일동 1700-4 1충,NULL
442,대전신탄진IC점,대전 대덕구 신탄진로 681번길 20,042-931-1258
443,익산황등점,전라북도 익산시 황등면 황등로 108,063-918-6001
444,인천부평공고점,인천광역시 부평구 갈산동 367-4  1층 101호,070-8800-3487
445,목포대성점,"전라남도 목포시 양을로57번길 3, 1층",061-274-0022
446,천안쌍용자이점,충남 천안시 서북구 월봉1길 26,041-577-0813
447,대전복수목화점,"대전 서구 복수서로 50 (복수동, 삼익목화아파트) 목화아파트 제비상가동 101호",NULL
448,강릉입암점,"강원도 강릉시 월대산로 59 입암동 107-1, 1층",033-653-3032
449,대구상인월배로점,"대구광역시 달서구 상인동 314-6, 1층",070-4900-5756
450,중계브라운스톤점,"서울 노원구 중계동 506, 176호",02-971-5121
451,대전천동점,대전광역시 동구 대전로542번길 80-77,042-273-8316
452,완주삼봉지구점,전북 완주군 수계리 1243-3 1층 105호,0507-1437-1173
453,기장대청점,"부산광역시 기장군 기장읍 대청로 16, 1층",070-4833-0714
454,길동역점,서울 강동구 길동 391-5,02-6084-7180
455,대구청라힐스자이점,"대구 중구 남산로 73 (남산동, 청라힐스자이) 상가1동107호",070-4647-4054
456,제주이도초교점,제주특별자치도 제주시 일도이동 2036-1 1층,064-723-2279
457,시흥포동점,"경기 시흥시 신현로38번길 20 (포동, 신현로 40) 1층",070-4922-0006
458,전주수병원점,"전라북도 전주시 완산구 효자동2가 1255-1, 1층",070-4900-9118
459,양원역점,서울 중랑구 망우동 618-3 제일프라자 104호,02-3421-6540
460,제주아라점,"제주도 제주시 아라일동 6115-7, 1층",NULL
461,공릉중앙점,서울특별시 노원구 공릉동 345-3,02-977-6631
462,인천SK리더스뷰2차점,인천 서구 봉오대로 270 302동 B214호,070-4047-8991
463,세종해밀점,"세종특별자치시 해밀3로 51 (해밀동, 스카이허브) 1층",044-864-3619
464,파주해오름마을점,경기 파주시 다율동 1044(해올2길 2) 태산W타워 105호,070-8691-4426
465,일산어반스카이점,경기 고양시 일산서구 고양대로 666 e편한세상 일산 어반스카이 상가동 c110,031-8073-9392
466,전주안골네거리점,전라북도 전주시 덕진구 안덕원로250 1층,063-247-7410
467,인천연수보건소점,인천 연수구 청학동 474-9 1층,032-833-9272
468,안산시청점,경기도 안산시 단원구 고잔동 529-1,031-362-5232
469,인천검단금호점,"인천광역시 서구 바리미로5번길 12, 다승프라자2 103,104호",NULL
470,빽다방 빵연구소 화성남양점,경기 화성시 남양읍 북양리 263-6,031-355-4923
471,동탄레이크드림점,경기 화성시 동탄대로 198 1층 105호,031-374-1510
472,빽다방 빵연구소 북한산성점,서울시 은평구 진관동 279-50,02-352-1202
473,예산군청점,충남 예산군 예산읍 예산로 189,041-335-1939
474,대전신탄진동일점,대전광역시 대덕구 대청로 38,070-4333-0514
475,대구불로동점,"대구광역시 동구 불로동 1190, 1층",070-4060-5484
476,광주신현점,경기도 광주시 새말길 3,031-716-5927
477,청주사천점,충북 청주시 청원구 새터로 173,NULL
478,강원정선점,강원 정선군 정선읍 봉양6길 25-1 (봉양리) 1층 132호,033-562-1102
479,대전부사점,대전 중구 대종로 299 1층,070-4060-0960
480,진주정촌점,경상남도 진주시 정촌면 예하리 1296 1층,055-762-6717
481,대전와동점,대전 대덕구 와동 376 1층,070-4304-4320
482,대전경성큰마을점,"대전광역시 서구 대덕대로162번길 11, 1층",042-710-1977
483,전남목포삼학점,전라남도 목포시 자유로88,070-4099-5654
484,철산롯데캐슬점,경기 광명시 철산로29번길 9 효도프라자 1층,02-6085-3031
485,대구팔달노원점,대구 북구 팔달로 35길 72,0507-1375-6368
486,대구장기동점,대구 달서구 장기로 243,053-721-6529
487,익산모현현대점,전북 익산시 모현동1가 274-12,070-4334-7889
488,해운대대동사거리점,부산 해운대구 대천로103번길 29 (좌동 1288),051-704-2852
489,제주일도인제점,제주특별자치도 제주시 고마로 100,064-755-2023
490,서일대점,"서울 중랑구 용마산로 388(면목동, 성호유치원) 1층",02-6368-9789
491,화곡아덴하임점,"서울특별시 강서구 화곡로 238 (화곡동, 아덴하임) 1층 103호",070-7808-2495
492,계룡시청점,충남 계룡시 장안로 59-3,042-840-6633
493,대전도안수목토점,대전 서구 도안동 1244 1층,042-710-8090
494,경산하양중앙점,경상북도 경산시 하양읍 하양로 72,053-856-7997
495,울진군청점,경북 울진군 울진읍 울진중앙로 123-1,054-502-8259
496,화성남양시장점,경기 화성시 남양읍 남양성지로 139-1,070-8869-5864
497,대구수성3가점,대구 수성구 수성동3가 72-1,053-721-7152
498,전주대자인병원점,전주시 덕진구 우아동3가749-63,063-714-2004
499,인천아인여성병원점,인천광역시 미추홀구 주안동 포레나미추홀 201동 1층 1032호,032-713-9919
500,월곡두산위브점,서울시 성북구 오패산로 46,0507-1498-0352
501,인천검암우체국점,인천광역시 서구 승학로 414,032-562-6525
502,나주영산포점,전남 나주시 이창1길 10-1,070-4333-2312
503,부산명륜점,부산 동래구 명륜로 187번길 8 (명륜동 696-110),070-4332-0015
504,광주주월골드점,광주 광역시 남구 주월동 1328,0507-1305-3772
505,분당수내역1번출구점,경기 성남시 분당구 황새울로258번길 32,070-4077-0565
506,목포여객터미널점,목포시 해안로 189-1,061-242-1234
507,빽다방 빵연구소 천안용곡DT점,천안시 동남구 용곡동 546-6,070-4833-5030
508,구의중앙점,서울시 광진구 구의로6,02-454-0423
509,대전낭월점,대전 동구 산내로1305번길 6,042-300-1204
510,전북완주첨단점,전라북도 완주군 봉동읍 둔산리 900-1,070-8287-3824
511,부산명지국제타워점,부산광역시 강서구 명지국제8로 251,070-4323-1320
512,대전수정타운점,대전 서구 청사로 282 수정상가 1층,070-4348-0606
513,전주서부시장점,전라북도 전주시 완산구 용머리로149(힐스테이트어울림효자 상가1층 104호),070-4060-5235
514,난곡세이브점,서울 관악구 신림동 726-7( 난곡로 217) 1,NULL
515,대전둔산초점,대전 서구 둔산남로 41,042-471-1401
516,419사거리점,서울 강북구 수유동 279-84,070-8287-1419
517,공존점,"서울 구로구 새말로 97 (구로동, 신도림테크노마트) 34층",NULL
518,서귀포동홍중앙점,제주특별자치도 서귀포시 동홍동 96-4 1층,064-902-9976
519,가산로데오점,서울 금천구 가산동 60-51(디지털로 200) 가산IT타워 1층,070-4006-5024
520,철원와수리점,전남 무안군 강원도 철원군 서면 와수로 175,033-455-2777
521,평택동삭대림점,"경기도 평택시 모산1길 81, 103호",0507-1395-1340
522,인천관교한신점,인천 미추홀구 주안동 1525번지  1층,070-4833-7442
523,종로두산위브점,서울 종로구 수송동 58,070-4012-7907
524,양산세무서점,경남 양산시 물금읍 서들로 138 나래스타상가 105호 (가촌리 1301-4),055-363-1420
525,전남나주중앙점,전라남도 나주시 나주로173 1층,070-4066-7116
526,하계을지병원점,서울 노원구 하계동 179-25 1층,NULL
527,천안성정주공5단지점,충남 천안시 서북구 성정로 72,041-575-6842
528,마포시민공원점,서울 마포구 망원동 419-3(망원로 19)참존아파트상가 105호,02-332-8631
529,월계인덕대점,"서울 노원구 월계로 334, 102호",02-6014-0087
530,기흥역점,경기 용인시 기흥구 기흥역로 58번길 10,031-307-0068
531,수원매교힐스테이트점,경기 수원시 팔달구 효원로93번길 33 2동 107호,070-4046-0303
532,안산서울예대점,안산시 단원구 고잔동 646  1층,0507-1370-1211
533,파주봉서농협점,경기 파주시 파주읍 봉서리 828-5(통일로 1541),031-954-2988
534,목포중흥S클래스점,전라남도 목포시 비파로 96 (상동) 110호,061-284-8080
535,뚝섬상원길점,서울 성동구 상원길 50,02-6956-8668
536,세종고운남측점,"세종특별시 고운동 1720, 103호(세종시 마음로 70)",070-8648-0458
537,삼례우석대점,전라북도 완주군 삼례읍 동학로 116,063-291-8110
538,청주방서점,"충청북도 청주시 상당구 단재로 316, 상가 1동 113호(방서동, 청주센트럴자이)",043-714-3588
539,화성반월반달마을점,경기 화성시 영통로26번길 15,070-8287-3240
540,잠실레이크팰리스점,서울 송파구 석촌호수로 144,070-8287-1231
541,대구칠성하늘채점,대구 북구 칠성동2가 723,053-252-9991
542,이태원경리단길점,서울 용산구 회나무로13길 5,070-4070-6616
543,전남무안읍점,전남 무안군 무안읍 하마로15 상가동 102호,070-4794-4700
544,안산고잔역점,"경기 안산시 단원구 광덕4로 102, 신원프라자 1층 116호",070-7622-3195
545,천안입장점,충남 천안시 서북구 입장면 하장4길 2,070-4304-1151
546,대전문화점,"대전 문화동 571-1, 1층",0507-1373-4272
547,부산북구빙상센터점,부산 북구 금곡대로 48 (덕천동 310-10),051-343-3488
548,인천논현에코점,인천 광역시 남동구 논현동 768-1,070-8282-2775
549,여주중앙점,경기 여주시 세종로 17-1,070-8287-1155
550,수원고색산업단지점,"경기소 수원시 권선구 산업로 180, 104호 (고색동, DH테크타워)",070-4010-2722
551,삼양시장점,서울 강북구 미아동 867-118,070-4027-3328
552,보령동대점,충청남도 보령시 작은오랏4길 15-22,070-4693-2361
553,청주용암현대점,충북 청주시 상당구 월평로184번길 147,043-292-8256
554,대구범물시티월드점,대구 수성구 지범로 183,0507-1477-0290
555,대전장대점,대전 유성구 장대동 352-10,070-5001-5397
556,장안현대홈타운점,"서울 동대문구 장안벚꽃로 107 (장안동, 장안현대홈타운) 1층 109호",070-4833-1311
557,평택고덕로데오점,경기 평택시 고덕갈평6길 27 (고덕동) 121호,031-8054-8997
558,인천검단블루텍점,인천광역시 서구 오류동 1657-2 (1층 110호),070-4010-4000
559,가좌역점,"서울 서대문구 수색로2길 39 (남가좌동, DMC금호리첸시아) 1층 106호",NULL
560,강릉주문진점,"강원도 강릉시 주문진읍 항구로 65, 1층",NULL
561,백운현대점,인천 부평구 경원대로 1238 이화빌딩 1층,070-4032-1013
562,목동41타워점,"서울시 양천구 목동동로 293, 1층 1-10호(목동, 현대41타워)",02-2644-7140
563,논현영동시장점,서울 강남구 논현동 164-11(강남대로 506) 1층 109호,070-4035-3183
564,구리인창점,경기 구리시 인창동 412-12 (건원대로91),031-522-4113
565,대구내당점,"대구 서구 내당동 219-15번지, 1층",053-563-2177
566,익산부송오투점,익산 부송동 216-84 101호/102호,063-831-9555
567,남양주사능점,경기 남양주시 진건읍 용정리 768-7(사릉로442번길 25) 1층 101호,070-5097-1535
568,천호힐데스하임점,"서울 강동구 올림픽로 78길 30 (천호동 437-5) 힐데스하임천호 근생 8, 9호",02-470-1651
569,전주에코세병호점,전라북도 전주시 덕진구 송천동2가 1301-2,070-5088-2660
570,대전태평쌍용예가점,대전 중구 평촌로 102 (유천동) 1층,070-5066-3498
571,다산현대캠퍼스몰점,경기도 남양주시 다산동 6143 (다산순환로 20) 1층 E01-22호,031-869-3339
572,부천옥길호반점,"경기도 부천시 옥길동 777-4, 서영아너시티 1차 108호",070-5088-1970
573,부산사직점,부산 동래구 사직북로 4 자이언츠파크 102호,051-502-7750
574,일산하이파크시티점,경기 고양시 일산서구 덕이동 1541(하이파크3로78번길) 리더스프라자 101호,031-994-5055
575,수원곡반정동점,경기 수원시 권선구 곡반정로65번길 25,070-4833-1225
576,광주학운점,광주광역시 동구 의재로 71-1,070-4006-5232
577,평택동삭센트럴파크점,경기 평택시 지제동삭2로 181-36,070-5227-3235
578,대구칠곡학정점,대구 북구 학정동 941-5,053-325-6789
579,빽다방 빵연구소 연세대SK국제학사점,"서울특별시 서대문구 신촌동 134, 연세대학교 신촌캠퍼스 sk국제학사 지하2층",02-393-2238
580,등촌성당점,"서울시 강서구 공항대로 41길 51, 1층 101호, 102호",02-3663-4067
581,대구봉무공원점,"대구 동구 팔공로 242-13 (봉무동, 연세메디컬센터) 1층 109호",053-213-2893
582,세종한뜰마을4단지점,"세종시 어진동 520 한신더휴리저브2 111호,112호",070-4006-4320
583,인천검단파라곤점,인천광역시 서구 이음2로 29 (상가 603동 306호),070-7782-7667
584,강원횡성점,강원 횡성군 문정로 19번길 4,033-343-2537
585,대전한밭대점,"대전광역시 유성구 학하서로121번길 45-2, 1층",070-8691-3809
586,제주함덕점,제주도 제주시 조함해안로 450 (2~4층),064-784-8102
587,전주용소점,"전북 전주시 덕진구 시천로 17, 1층 (107호)",070-4010-4872
588,대구매천시장점,"대구시 북구 매천동 306번지, 1층",070-4077-3952
589,광명G타워점,경기도 광명시 소하로 190 1층 G타워,02-899-6256
590,춘천온의점,강원도 춘천시 춘천로 17번길 31 (더스위트캐슬 107호-108호 1층),070-4837-1291
591,남양주2청사점,경기 남양주시 다산동 3073-1(다산지금로16번길 43) 1층 106호,031-553-2297
592,고덕역점,서울 강동구 동남로75길 13-7,02-442-9159
593,천안신안점,"충청남도 천안시 동남구 충절로 21, 1층",041-565-3206
594,제주삼도일동점,제주특별자치도 제주시 삼도일동 788-1 1층,070-4366-0812
595,전주서곡지구점,전북 전주시 완산구 세내로544 1층,070-8691-4070
596,목포용해이로점,전남 목포시 용해동 234-7,070-4010-5265
597,강원양양점,강원 양양군 양양읍 양양로 57 (남문리) 1층,033-672-7774
598,오산세마역점,경기 오산시 세마역로 95,031-8055-7738
599,동탄카림3차점,"경기도 화성시 동탄순환대로12길 85, 제3653동 제지1층 제비108호,109호 (산척동, 그린힐 반도유보라 아이비파크 10)",070-4099-5990
600,부천상동하얀마을점,"경기도 부천시 상동 556-3번지, 1층",070-4047-4674
601,운서영종대로점,인천광역시 중구 운서동 3098-1 1층,032-746-0196
602,포천신읍점,경기도 포천시 중앙로 103,031-536-2229
603,제주화북남문점,제주도 제주시 화북1동 1984-9 1층,070-4010-8526
604,진접롯데시네마점,경기 남양주시 진접읍 해밀예당1로 36,070-4099-8090
605,조치원신흥점,세종시 조치원읍 대첩로 68,044-865-2272
606,전주우아한시티점,"전라북도 전주시 덕진구 우아동3가 747-81, 우아한시티 상가 19호",070-4012-3949 
607,대전갑천만년점,대전광역시 서구 만년동 6번지 102호,070-4010-4990
608,한성대입구역점,"서울 성북구 삼선교로 2-1, 1층",070-4066-0670
609,금천정훈단지점,"서울 금천구 독산로 211 (독산동, 세진아파트) 1층 101호",070-8648-1140
610,강릉내곡점,"강원 강릉시 범일로 631, 1층",033-651-1996
611,익산동산제일점,전북 익산시 평동로 725 동산동 동산제일2차아파트상가 102호,063-858-7775
612,송도스마트밸리점,"인천광역시 연수구 송도동 214, 송도 BRC 스마트밸리 지식산업센터 F동 207호(상가동)",032-710-9159
613,진주초장점,경남 진주시 초북로 50 (초전동 1699-3) 103호,055-753-0818
614,빽다방 빵연구소 부산미남역점,"부산광역시 동래구 우장춘로 7 (온천동, 보민빌딩)",051-557-1100
615,춘천우두택지점,강원도 춘천시 우두동 1118-1  (신축건물 1층 109호),070-4099-5149
616,정읍수성점,전북 정읍시 수성로 40,063-700-7025
617,주안센트레빌점,"인천광역시 미추홀구 주안동 22-14, 1층 101호+102호",070-4012-3399
618,분당정자역점,"경기 성남시 분당구 성남대로 331번길 13,1층 108호",031-719-6889
619,인천산곡푸르지오점,인천광역시 부평구 산곡동 124-25,032-713-7982
620,영종운서스카이점,"인천광역시 중구 흰바위로 284, 디딤돌프라자 1층 (103호)",032-751-7519
621,전남함평점,전남 함평군 함평읍 기각리 1001-5,070-4099-7949
622,대구공평네거리점,대구 중구 공평로 71 1층,070-4006-0270
623,서산테크노밸리점,충청남도 서산시 성연면 성연4로 27-28,041-584-5734
624,다산테라타워점,경기 남양주시 다산동 6250(다산지금로 202) 1층 129호,031-560-9922
625,대전법동점,"대전 대덕구 법동 282-7, 1층",042-632-0400
626,철원동송점,강원 철원군 동송읍 이평리 680-93,070-4010-8811
627,마곡리더스타워점,서울 강서구 마곡동 800-5(공항대로 228) 리더스타워 1층 111호,02-2039 -3312
628,동탄서영아너시티점,"경기 화성시 동탄영천로 101, 132~133호",031-376-6703
629,전주사대부고점,"전라북도 전주시 덕진구 백제대로639, 1층 뺵다방",070-4333-0078
630,아산호서대점,충남 아산시 배방읍 호서로79번길 15,070-4799-3644
631,수원호매실칠보점,"경기 수원시 권선구 금호로 56, 1층 102호",031-294-8253
632,대전스마트시티점,대전 유성구 도룡동 4-8  1층 120호,070-4833-1705
633,안산반월공단점,경기도 안산시 단원구 산단로 296  대우테크노피아 1층 제에이106호,070-4006-1707
634,부산지사동점,부산광역시 강서구 과학산단2로 20번길 6 (지사동 1196-2),051-971-9466
635,경북성주점,"경상북도 성주군 성주읍 성주로3283, M타워 1층 빽다방",054-932-0707
636,충북대병원점,"충북 청주시 서원구 개신동 52-3, 1층",070-4333-1833
637,인천당하점,인천 서구 청마로167번길 3,032-567-7479
638,제주평화로SK점,"제주특별자치도 제주시 해안동 2171, 1층",070-4010-1851
639,대전유성도안점,"대전 유성구 도안대로 512-16  (1층, 104호)",042-822-0988
640,시흥목감조남점,경기 시흥시 조남동 657 키움프라자 111호,070-4833-0219
641,마곡수명산점,"서울 강서구 내발산동 750-12 (웨스턴빌딩 1층, 103호)",070-7525-0808
642,대전유성센트럴점,"대전 유성구 계룡로 132번길 10  , 센트럴프라자 1층 105호",042-710-2522
643,천안백석대점,충남 천안시 동남구 문암로 80 1층,010-3061-3634
644,순천왕지점,전남 순천시 조례동 1833-5,070-4010-2424
645,동탄역시범단지점,경기도 화성시 청계동 514-2 서진프라자 105호,070-4566-2995
646,강서구청점,"서울특별시 강서구 화곡로 318-1, 1층",070-4333-0404
647,목동8단지점,서울 양천구 신정동 318-5 1층,070-4333-1840
648,길음롯데클라시아점,서울 성북구 길음동 508-16 롯데캐슬클라시아 상가동 117호,070-4010-1581
649,서귀포성읍마을점,제주특별자치도 서귀포시 표선면 성읍리 987-3 1층,NULL
650,숙대입구역점,서울 용산구 갈월동 90-10,02-712-0094
651,아산탕정역점,"충남 아산시 탕정면 한들물빛도시로 70, 109호",041-424-0400
652,성남도촌점,"경기 성남시 중원구 도촌남로 27 (도촌동 566, 114호)",070-4027-4334
653,속초부영점,강원 속초시 청대로 204번길 39 1층,033-636-1848
654,시흥배곧호반써밋점,경기 시흥시 배곧동 228-3,070-7576-4769
655,천안두정대림포레나점,충남 천안시 서북구 두정동 북일로 21 단지내 상가 103호,041-566-8260
656,부산정관행복타운점,"부산광역시 기장군 정관읍 정관1로 18, 이지1차상가 125동 104호",051-727-8441
657,병점역점,"경기도 화성시 떡전골로 96-4, 1층",070-8666-0030
658,수원파장점,경기 수원시 장안구 파장로 62,031-252-0964
659,연천역점,"경기도 연천군 연천읍 연천로260번길 11, 1층",031-834-6555
660,안산월피공원점,"경기도 안산시 상록구 예술광장로 11, 1층 101호",031-410-8472
661,춘천후평점,강원 춘천시 후석로 280,033-254-7177
662,주안북부역점,"인천 미추홀구 주안동 25-65  (5호,6호)",070-8680-0017
663,부평동아점,"인천 부평구 부평문화로 55 (부평동, 와이디타워) 1층, 102호",032-511-0622
664,빽다방 빵연구소 제주합동청사점,제주도 제주시 도남동 663-12,064-722-3334
665,시흥능곡장현점,경기 시흥시 능곡번영길 25,070-4365-7596
666,개롱역점,서울 송파구 가락동 166-2 에스케이허브파크 113호,070-8656-0882
667,원주간현점,강원특별자치도 원주시 지정면 간현리 1056-13 1층,033-901-2280
668,광주하남점,광주 광산구 사암로 216번길 30,062-400-3303
669,상계보람점,서울 노원구 상계동 456-129,02-6227-6952
670,충남부여점,충남 부여군 부여읍 석탑로 53 1층,041-837-8050
671,장안뉴시티점,"서울 동대문구 장한로 105 (장안동, 장안 NEW CITY) 1층",070-4010-5115
672,대전지족점,대전 유성구 지족로 374 옥타브상가 B동 1층,070-4366-0277
673,대전탄방역점,"대전 서구 계룡로553번길 18 (탄방동, 조이빌딩) 1층",070-4010-5439
674,대전송강동점,대전 유성구 봉산로 24 1층,010-8178-2396
675,송도닥터플러스몰점,인천광역시 연수구 컨벤시아대로 230번길 54, 070-8648-3525
676,가정역SK리더스뷰점,"인천 서구 가정로 437 (가정동, 루원시티 SK Leaders VIEW) 302동 B231호",032-222-9874
677,고대구로병원점,서울 구로구 구로동 730-60(구로동로 138),02-6015-9504
678,군산조촌디오션점,"전북 군산시 궁포3로 12, 1층 103호",070-7782-9555
679,아산탕정예미지점,충남 아산시 탕정면 매곡한들5길 6-4,041-428-3833
680,전주호성점,전라북도 전주시 덕진구 호성동1가 828-14,063-909-3600
681,인천구월정각초점,인천 남동구 구월동 1241-1,032-463-3113
682,영종하늘달빛점,인천 중구 하늘달빛로 94 (중산동) 1층,070-4099-4865
683,전남영광읍점,전남 영광군 영광읍 중앙로 166,070-4304-0645
684,수원매탄위브점,경기 수원시 영통구 인계로 220번길 10,031-211-7445
685,정읍중앙점,전라북도 정읍시 수성동 571-11,063-532-2306
686,안양메가트리아점,"경기도 안양시 만안구 태평로 60번길 42, 1층",0507-1391-1677
687,동탄프리미엄아울렛점,경기 화성시 동탄기흥로257번가길 30-2 101호,031-8055-0609
688,안양대림대앞점,경기 안양시 동안구 비산로 57 107호,031-464-0013
689,경주보문점,"경북 경주시 보문로 549 (천군동) 1층, 107호",054-773-1140
690,범계에이스점,경기 안양시 동인구 시민대로109번길 29 1층 118호,070-7776-8081
691,성남상대원센터엠점,경기 성남시 중원구 사기막골로62번길 33,031-620-5887
692,원주기업도시점,"강원도 원주시 지정면 신지정로 322-1, 110호",033-735-5959
693,평택현촌점,경기도 평택시 현촌 4길 6,031-8054-7740
694,영등포시장역점,서울 영등포구 국회대로50길 20 포레나영등포센트럴 상가동 117호,070-4353-1971
695,대전아이파크시티점,대전광역시 유성구 상대복용로29번길 52,042-716-4116
696,세종첫마을점,세종특별자치시 나성동 715 112호,044-863-4432
697,오산고인돌공원점,"경기 오산시 문헌공로 3, 1층",031-831-3898
698,순천연향3지구점,전남 순천시 연향동 1686-2 1층,061-722-4590
699,경산사동점,경북 경산시 사동 31번지 102호,070-8648-0041
700,원주건강보험공단점,"강원도 원주시 반곡동 1913-7 가든식스.(1층 102호,103호)",033-813-0776
701,경북고령다산점,경북 고령군 다산면 평리6길 8,054-955-0706
702,가산AP타워점,서울 금천구 가산동 673(가산디지털1로 16) 가산skv1ap타워 105호,02-6138-2121
703,진주혁신점,경상남도 진주시 충무공동 282-3 동행빌딩 105호,070-7537-3827
704,전남장성점,전라남도 장성군 장성읍 영천리 1038-5 1층,061-393-7477
705,부산남구청점,부산광역시 남구 대연동 1766-10 ( 못골로 24-1 ),051-711-0803
706,아산온중로점,충남 아산시 온중로 47 1동 101호,041-910-0033
707,가산그레이트점,서울 금천구 가산동 60-5 갑을그레이트밸리 105호,02-2104-3530
708,완주봉동점,"전라북도 완주군 봉동읍 장기리 216-6, 1층",070-8672-6767
709,의정부발곡역점,경기도 의정부시 회룡로 178 발곡프라자 B19호,031-879-0410
710,천안성거점,충청남도 천안시 서북구 성거읍 성거길 107 1층,041-557-2777
711,수원호매실능실점,경기 수원시 권선구 호매실로104번길 24-76,031-548-4800
712,제주도남점,제주특별자치도 제주시 도남동 920-23,070-5056-3040
713,대구현풍테크노중리점,대구 달성군 현풍읍 테크노상업로 48,053-611-4151
714,빽다방 빵연구소 제주연동점,제주시 연동 256-2 1층,064-805-8403
715,원주흥업점,"강원도 원주시 흥업면 흥업리 1830-3, 1층",033-813-2223
716,미사센트럴자이점,경기 하남시 풍산동 504,070-8633-2260
717,천안신방성지점,"충청남도 천안시 동남구 서부대로 268, 104~105호",041-575-0410
718,성남상대원금상점,경기 성남시 중원구 금상로96번길 2 1층 104호,031-778-7663
719,전주인후점,전북 전주시 덕진구 인후동 1가 846-6 101호,063-903-0413
720,대전비래점,대전 대덕구 비래동로15번길 2,070-5066-3609
721,안양예술공원점,경기도 안양시 만안구 예술공원로 138 ,031-360-5890
722,오산세교금암점,경기 오산시 수청로 199 1층,031-8055-8795
723,대구칠곡팔거역점,"대구 북구 팔거천동로 222, 102호",053-716-0082
724,밀양미리벌점,경상남도 밀양시 삼문동 719-7 (미리벌 중앙로 46),055-354-1261
725,광양마동점,전남 광양시 마동 1053-5,070-5223-0979
726,광주첨단재활병원점,"광주광역시 광산구 쌍암동 666-2, 104호",062-973-0851
727,용마산역점,서울시 중랑구 면목로 27길 4 (면목동 372-21),070-8672-1172
728,목포상동점,"전라남도 목포시 옥암로 182, 1층​",070-8680-0600
729,강릉유천점,강원 강릉시 선수촌로 79-7 102호,033-823-0066
730,수원정자시장점,경기 수원시 장안구 수성로 261번길 6,031-548-4460
731,강릉포남점,강원 강릉시 포남동 1186-1 1층,033-823-0330
732,진주경상대후문점,경상남도 진주시 가좌동 868-25 (가좌길 17-1),070-8988-5886
733,안성아양점,경기도 안성시 옥산동 598(안성시 아양1로 77-10) 해천프라자 1동 103호,031-674-1594
734,신림대학점,"서울 관악구 신림로23길 21 (신림동, 웰탑스터디독서실) 1층",070-8648-1222
735,부산광안하버뷰점,부산광역시 수영구 민락수변로 49 광안KCC스위첸하버뷰 104호,070-5100-2840
736,부산금정구청점,부산광역시 금정구 부곡동 64-34 티아이더코어 101호,051-714-0299
737,대전노은3동점,"대전 유성구 지족동 1025-1 1층,106호",042-710-9600
738,수원곡선하늘채점,경기 수원시 권선구 곡반정로 151 1층,070-7542-8075
739,경주대릉원점,경북 경주시 황남동192-4,054-741-0022
740,수유시장점,서울 강북구 도봉로67길 8,02-989-3122
741,천안신부동아점,충남 천안시 동남구 터미널9길 25,070-8670-4707
742,평택법원점,경기 평택시 평남로 1039 105호,031-8054-8945
743,석촌역점,서울 송파구 백제고분로 385 102호,070-8676-1453
744,안국역점,서울 종로구 율곡로 63 (재동) 1층,02-744-8559
745,지축역점,경기 고양시 덕양구 지축1로 39 지축프라자 104호,02-381-6373
746,군산시청점,전북 군산시 조촌4길 15 (조촌동) 1층,070-5056-0332
747,태릉입구역점,"서울 노원구 동일로 986, 104호",070-4077-2127
748,순천금당점,"전남 순천시 해룡면 장선배기길 141, 1층 104호",070-8670-3058
749,서대문경희궁점,"서울 종로구 경교장길 35 (평동, 경희궁자이 3단지) 1층 3135호",070-4355-3301
750,대전갈마점,대전광역시 서구 신갈마로 110-1(갈마동),042-710-7677
751,창동역서부점,서울 도봉구 노해로63다길 10,02-2135-1221
752,부천도당산업단지점,경기 부천시 도당동 160-8,032-673-1117
753,대구효목점,대구 동구 효목로 35,053-751-1219
754,대전둔산청솔점,대전 서구 둔산로 216 (1층 빽다방 ),070-5066-6160
755,전주아중점,전라북도 전주시 덕진구 아중로 175 102호,070-5100-1995
756,문정역점,서울 송파구 문정동 643-1(법원로 114),02-2283-1165
757,삼송스칸센점,경기 고양시 덕양구 삼송로 240(삼송동 294) 힐스테이트삼송역스칸센 A동 124호,070-4667-3560
758,번동초교점,서울 강북구 번동 310-4 1층,070-5030-2273
759,화성병점2동점,경기도 화성시 병점2로 65 , 070-5100-1950
760,여수학동e편한점,전라남도 여수시 학동 1번지 일원 A동 102호,061-807-3644
761,광주양산중앙점,광주광역시 북구 양산로 43,070-5100-1021
762,남인천세무서점,"인천광역시 남동구 인하로 545 (구월동) 인택스빌딩 1층, 108호",032-471-8686
763,울산서부점,울산광역시 동구 방어진순환도로 925,052-713-8355
764,구로이앤씨6차점,"서울특별시 구로구 디지털로31길 41 (구로동, 이앤씨벤처드림타워6차), 1층 108호",02-869-1777
765,광명일직점,경기도 광명시 일직동 510-7,02-899-9975
766,대전맑은아침점,대전광역시 서구 내동 17-11 1층 111~112호,042-710-6633
767,상계역점,서울특별시 노원구 중계동 606 1층 105호,02-2088-5805
768,세종반곡점,"세종특별자치시 한누리대로 1828,108호",044-862-4431
769,건대동문회관점,서울특별시 광진구 아차산로36길 5,02-2088-1755
770,정릉뉴타운점,서울특별시 성북구 길음로9길 50 지2층8호 (길음동 1286외2필지 길음뉴타운 상가동 208호),02-2039-3644
771,용인마북점,"경기도 용인시 기흥구 마북로 159, 1층 115호",031-8019-8779
772,천안불당쌍용점,충청남도 천안시 서북구 불당11로 99 1층,041-622-3322
773,대전유성구청점,대전광역시 유성구 어은동 110 동천빌딩 1층,042-716-4045
774,구리수택점,경기도 구리시 수택동 847-7(체육관로80번길 9) 1층,031-567-9990
775,풍산역점,경기도 고양시 일산동구 중산동 1806 103호,070-4849-0027
776,제주애월좋은마트점,제주특별자치도 제주시 애월읍 신엄리 2489-5,064-799-1144
777,천안터미널점,"충청남도 천안시 동남구 만남로 15 (신부동, 민현빌딩)",041-523-5343
778,신당역점,서울특별시 중구 퇴계로 423 (황학동),070-8691-1530
779,안산본오2동점,경기도 안산시 상록구 각골로 68 (본오동) 1층,070-8691-2508
780,세종종촌점,세종특별자치시 종촌동 658 104호,044-864-3655
781,전주효자안행교점,전라북도 전주시 완산구 효자동1가 281-3 1층,063-222-0853
782,빽다방 빵연구소 김해삼계한라비발디점,경상남도 김해시 삼계동 634,055-321-3332
783,대전용두선화점,"대전광역시 중구 중앙로 23-17, 1층 상가 111호",042-223-1008
784,대구대신자이점,대구광역시 중구 달구벌대로 1955 상가302동 1층 빽다방,053-252-0248
785,경산삼성현공원점,경상북도 경산시 남산면 인흥리 363-15,053-801-9906
786,대구방촌상명점,대구광역시 동구 화랑로 383,053-982-7893
787,가산SKV1점,"서울특별시 금천구 가산디지털1로 171, skv1센터 102호",02-6244-8885
788,송도아트포레점,인천 연수구 송도동 84-2 A동 1층 111호,032-831-2085
789,광명소하점,경기도 광명시 소하로 81,02-897-9088
790,부천시청역점,경기 부천시 길주로 221 시티오피스 1층 102호,032-327-8242
791,북서울꿈의숲점,서울특별시 성북구 돌곶이로 220 코오롱하늘채아파트 상가 104동 106호,02-943-7555
792,군산대점,전라북도 군산시 황룡로 9,063-468-1379
793,회룡역점,경기도 의정부시 호원동 51-2,031-875-0811
794,광교에듀타운점,"경기도 수원시 영통구 이의동 1347-3, 에듀프라자 111호",070-7724-0024
795,충남계룡엄사점,충청남도 계룡시 엄사면 번영로 26,042-349-0096
796,숭실대점,서울특별시 동작구 상도동 501(사당로 10) 지하1층,02-3280-3910
797,세종다정점,세종특별자치시 다정중앙로 53,044-862-4432
798,청주율량9단지점,충청북도 청주시 청원구 율중로 79번길 8(율량동),043-211-7600
799,지식정보단지역점,"인천광역시 연수구 송도동 9-19, 에몬스프라자 1층 111호",032-215-7783
800,진주평거수정초점,경상남도 진주시 평거동 1113-1,055-741-9655
801,쌍문세라믹점,서울특별시 도봉구 도당로 10,02) 995-5551
802,울산삼산롯데점,울산광역시 남구 삼산로 278번길 4,052-257-4009
803,무안목포대점, 전라남도 무안군 청계면 도림길 87-23,061-452-4852
804,평택센트럴자이점,경기도 평택시 상서재로 50 상가109호,031-652-8631
805,대구대봉점,대구광역시 중구 대봉로 222,053-422-7898
806,인천숭의용마루점,인천광역시 미추홀구 인주대로 74 (용현동),032-888-8409
807,부개주공점,인천광역시 부평구 부흥로 416 101호 1층,032-511-7666
808,칠곡석적중리점,경상북도 칠곡군 석적읍 북중리3길 45,054-973-7773
809,광명새마을시장점,경기도 광명시 광명동 342-5 1층,02-2060-4512
810,양평중흥S클래스점,"서울특별시 영등포구 선유서로24길 6 (양평동1가, 영등포 중흥 S-CLASS) 1층 106호",02-2675-5880
811,해남군청점,전라남도 해남군 해남읍 성내리 21-1,061-535-0890
812,수원화서시장점,경기도 수원시 팔달구 동말로 53,0507-2093-8388
813,제주일도동문점,제주특별자치도 제주시 일도일동 1047-1 1층,064-755-0100
814,천안병천점,충청남도 천안시 동남구 병천면 아우내순대길 9,041-522-5126
815,보광점,서울특별시 용산구 보광로 47 1층 (보광동),02-794-5565
816,부천괴안점,"경기 부천시 범안로 43 (괴안동, B.K palace) 1층",070-4799-0404
817,전주반월점,전라북도 전주시 혁신로 697 108호,063-214-3922
818,인천만수역점,인천광역시 남동구 구월로 366 (만수동) 1층,032-466-1539
819,중화역점,"서울특별시 중랑구 봉화산로 39, 1층 101호",02-433-5183
820,동양미래대점,"서울특별시 구로구 고척동 76-181, 1층 101호",02-3666-5444
821,공릉역점,서울특별시 노원구 공릉동 395-8,02-975-5550
822,이천하이닉스점,경기도 이천시 부발읍 경충대로 2100,070-7619-0077
823,전주만성지구점,전라북도 전주시 덕진구 만성동로 59,070-7585-5595
824,개봉역북부점,서울특별시 구로구 경인로40길 41(개봉동 181-6),02-2688-2220
825,시흥매화점,경기도 시흥시 매화로 46,031-311-7775
826,영천완산점,경상북도 영천시 시장로 53,054-335-8847
827,안산역점,경기도 안산시 원곡동 798-6,031-495-7101
828,봉담동화마을점,경기 화성시 봉담읍 동화길 81-10 상도프라자 104호,031-227-1025
829,청주복대사거리점,충청북도 청주시 흥덕구 복대로 173,043-234-9980
830,안양충훈부점,경기도 안양시 만안구 석수동 785-16(충훈로 89) 1층 101호,031-341-0300
831,울산타임스퀘어점,울산광역시 남구 야음동 789-14 울산타임스퀘어 121호,070-4284-8060
832,안산본오신안점,경기도 안산시 상록구 본오동 871-6 성문빌딩 1층,070-4101-0060
833,전주삼천흥건점,전라북도 전주시 삼천동 1가 300-3,063-901-5321
834,빽다방 빵연구소 전주평화점,전라북도 전주시 완산구 평화로 210,063-903-0805
835,수원조원시장점,경기도 수원시 장안구 조원로 88,031-254-1540
836,의정부가능역점,경기도 의정부시 평화로 633-3(의정부동 236-9),031-821-7264
837,동탄호수공원점,경기도 화성시 동탄순환대로 127-5,031-374-5937
838,동탄역아이비파크점,경기도 화성시 동탄광역환승로 73,031-374-0132
839,충북보은점,충청북도 보은군 보은읍 보은로 105,070-7585-3324
840,연희삼거리점,서울특별시 서대문구 연희동 135-5(연희로 118),02-2039-3454
841,인천연안부두점,인천 중구 축항대로86번길 23,032-889-7077
842,아산배방연화점,충청남도 아산시 배방읍 용연로 91,041-534-4318
843,진주평거점,경상남도 진주시 순환로 539,055-920-8889
844,천안차암점,"충청남도 천안시 서북구 3공단6로 58-8, 102호",070-8814-2712
845,대구상인화성파크점,대구광역시 달서구 상인동 1596,053-633-0777
846,대구북구서변점,대구광역시 북구 서변동 1787 (호국로 215),053-201-5507
847,인천선학역점,인천광역시 연수구 학나래로118번길 47,032-816-9788
848,세종소담점,세종특별자치시 한누리대로 2016번지 1층,044-862-9290
849,안양석수중앙점,경기도 안양시 만안구 안양로 483(석수동 319-1),031-8068-8868
850,중계씨앤미점,서울특별시 노원구 동일로204가길 34,02-2243-1544
851,천안불당호반점,"충청남도 천안시 불당 34길 3-17, 1층",041-553-3113
852,돈암점,서울특별시 성북구 동선동4가 98-2,02-953-2351
853,인천서운산업단지점,"인천광역시 계양구 서운산단로 3길 4, sb타워 107호",032-555-9313
854,하남미사역점,"경기도 하남시 미사강변동로 85(망월동1106), 힐스테이트 에코 미사 111호",031-796-2329
855,대전용운에코포레점,대전광역시 동구 용운동 297 1층,042-285-5552
856,동탄영천K밸리점,경기 화성시 동탄첨단산업1로 14 동탄케이밸리 1층 112호,031-612-7161
857,충북혁신도시진천점,충청북도 진천군 덕산읍 시가로 14,043-535-8672
858,청주테크노폴리스점,"충청북도 청주시 흥덕구 송화로184번길 4, 102호",043-260-2389
859,강남역CGV점,서울특별시 강남구 테헤란로1길 48,02-566-5353
860,제주봉개DT점,제주특별자치도 제주시 봉개동 598,064-755-8686
861,별내파라곤스퀘어점,경기도 남양주시 별내동 975-4 별내파라곤스퀘어 1층 C112호,031-931-1443
862,경북고령중앙점,경상북도 고령군 대가야읍 중앙로 13-1 (구. 헌문리234번지),054-906-9828
863,제주연동긱스타점,"제주특별자치도 제주시 연동13길 3(연동,진선엘트빌) 1층",NULL
864,충남금산점,충청남도 금산군 금산읍 비단로 319,041-754-5100
865,전주효자LH점,전라북도 전주시 완산구 효자동2가 1332-1,063-714-2119
866,인천갈산점,"인천광역시 부평구 주부토로249번지 17, 부평지웰에스테이트 171동 1층 122호",032-221-3200
867,서귀포하원점,제주특별자치도 서귀포시 일주서로 443,064-803-0110
868,마곡역류마타워점,서울특별시 강서구 마곡동 798-2(공항대로 164) 류마타워 105호,02-6080-2912
869,전주본병원점,전라북도 전주시 완산구 서신동 855-3,063-272-2922
870,대전보건대점,대전 동구 우암로 329 1층(가양동),042-622-7780
871,뚝섬역점,서울특별시 성동구 성수동1가 14-51,02-6349-2800
872,마곡역로뎀타워점,"서울특별시 강서구 마곡동 799-1, 로뎀타워1층 127호",02­-6015-8860
873,석촌고분역점,서울특별시 송파구 삼전동 101-9 (백제고분로 257),02-422-8526
874,송도랜드마크시티점,"인천광역시 연수구 랜드마크로 68, 1층 40호",032-859-2006
875,대구알파시티점,대구광역시 수성구 시지동 584-1,053-791-4373
876,광주소촌점,"광주광역시 광산구 소촌로 147, 1층 109호",062-943-8855
877,부천U1센터점,"경기도 부천시 조마루로385번길 92, 1층 116호(원미동)",032-240-6060
878,삼양동사거리점,서울특별시 강북구 삼양로 169 (미아동),02-980-3382
879,옥정다올스퀘어점,경기도 양주시 옥정동 1049-4( 옥정로 139) 다올스퀘어빌딩 1층 109호,031-857-9849
880,봉화산역점,서울특별시 중랑구 신내로 211,02-3421-7971
881,수원북문점,"경기도 수원시 장안구 정조로 933번길 3, 1층",031-8031-5008
882,구일역점,"서울특별시 구로구 구일로 8길 56, 구일프라자 1층 102호(구로동)",02-858-1236
883,전남광양덕례점,전라남도 광양시 덕례리 1773-6,NULL
884,거여역점,서울특별시 송파구 거여동 27-5 1층,02-401-0119
885,대구연경점,대구광역시 북구 연경동 960-1,053-295-3864
886,광주진월금당점,광주광역시 남구 금당로 12-1,062-654-6286
887,송도캐슬파크점,인천광역시 연수구 송도동 8-20 번지,032-834-0816
888,성남상대원시장점,경기도 성남시 중원구 희망로 338,031-733-9030
889,천안목천점,충청남도 천안시 동남구 목천읍 충절로 896,041-566-4087
890,신서귀포점,제주도 서귀포시 신중로 26-8,NULL
891,광주신창사거리점,광주광역시 광산구 신창동 1220-1,062-962-1236
892,송도더테라스점,인천광역시 연수구 송도동 316번지 147호,032-833-0805
893,세종다온주유소점,"세종특별자치시 세종로 1328, 알뜰주유소",044-866-5184
894,별내로데오점,"경기 남양주시 별내중앙로 54 예스프라자프론티어, 1층 104호",031-573-0675
895,힐스테이트동탄역점,경기 화성시 동탄기흥로585 상가 126호,031-8043-4344
896,청주개신점,충청북도 청주시 서원구 개신도 628,043-234-0628
897,김해율하점,"경상남도 김해시 율하3로 45, 101호 (율하동, 유성프라자2)",055-311-7111
898,태백중앙점,강원도 태백시 황지로 164-1,033-552-1363
899,용인수지신봉점,경기도 용인시 수지구 신봉2로 3,031-265-1189
900,수락산역점,"서울특별시 노원구 상계동 1258, 오피앙상가 103호",02-939-0726
901,경산펜타힐즈점,경상북도 경산시 중산동 635-1 SM타워 117호,053-710-7771
902,성수뚝도점,서울특별시 성동구 성수동2가 339-23,02-467-4807
903,서충주신도시점,충청북도 충주시 중앙탑면 원앙9길 18-3,043-845-8578
904,청주동남점,"충청북도 청주시 상당구 중고개로141번길 11-1 (101,102호)",043-255-0700
905,중곡시장점,서울특별시 광진구 중곡동 192-5(서울 광진구 면목로 145),02-6489-0393
906,청주복대점,충청북도 청주시 흥덕구 복대동 2926,043-237-5549
907,청라SK뷰점,"인천광역시 서구 옥빛로 4, 1층 101호 (청라동)",032-566-4807 
908,용인한숲시티점,경기도 용인시 처인구 남사읍 한숲로 54 (아곡리),070-8822-5864
909,운정아이파크점,"경기도 파주시 심학산로 384, 아이파크아파트 상가1동 8호",031-945-3117
910,인천국제성모병원점,인천광역시 서구 탁옥로 104,032-566-6555
911,진해자은점,"경상남도 창원시 진해구 냉천로 156, B102호",055-551-2503
912,천안백석환서점,충남 천안시 서북구 한들3로 78-3 (백석동) 1층,041-555-1118
913,대전한민시장점,대전광역시 서구 가장동 61-19,070-7514-2135
914,송산그린시티점,"경기도 화성시 수노을중앙로 126, 1층 102호 (새솔동)",031-355-1464
915,일산강선점,경기도 고양시 일산서구 중앙로 1413 (주엽동 106-3),031-911-9911
916,대전정림점,대전광역시 서구 정림로 62-1,042-584-2100
917,대전복수점,대전 서구 복수동로 40,070-7756-4448
918,일산가좌마을점,경기도 고양시 일산서구 가좌1로 63,031-921-4544
919,전주효천지구점,전라북도 전주시 완산구 효자동2가 1359-6,063-237-2737
920,위례역점,"경기도 성남시 수정구 위례서일로 34, 성희프라자 103호",070-8884-2021
921,평택포승점,경기도 평택시 포승읍 여술2길 24,031-686-6008
922,김포사우점,"경기도 김포시 사우중로 79 (북변동 825), 1층 103호",031-998-7405
923,대전만년점,"대전광역시 서구 둔산대로 117번길 82, 그레이스K 2차 1층 101호 (만년동)",042-477-0111
924,대전문지점,대전광역시 유성구 문지동 649-2,042-864-1224
925,천안원성점,충청남도 천안시 동남구 버들로 127,041-522-3979​
926,작전현대점,인천광역시 계양구 작전동 580번지,032-548-7774
927,청주율량사천점,충청북도 청주시 청원구 율봉로 95,043-215-3330
928,제주법조타워점,"제주특별자치도 제주시 남광북1길 1 (이도이동, 제주법조타워)",064-725-1235
929,대구침산오페라점,대구광역시 북구 침산로 100,053-355-1101
930,미아역점,서울특별시 강북구 도봉로 190 비전빌딩,02-980-8881
931,광주첨단2지구점,"광주광역시 북구 첨단연신로 107번길 15, 1층 101호(신용동)",062-572-9900
932,경남하동점,경상남도 하동군 하동읍 경서대로 136,055-882-8870
933,대전신성점,대전광역시 유성구 신성남로 61,042-862-3700
934,먹골역점,서울특별시 중랑구 묵동 174-4번지,02-979-2208
935,성남신구대점,경기도 성남시 중원구 금광동 2399,031-741-4868
936,당진기지시점,충청남도 당진시 송악읍 반촌로 70-17,070-7585-6498
937,제주연동사거리점,"제주특별자치도 제주시 선덕로1, 103호",064-743-0179
938,수원권선시장점,경기도 수원시 권선구 세권로 184,031-891-3708
939,왜관역점,경상북도 칠곡군 왜관읍 중앙로8길 7,054-920-7571
940,일산풍동점,"경기도 고양시 일산동구 숲속마을로 44, 102호",031-903-4367
941,빽다방 빵연구소 전주기지제호수점,전라북도 전주시 덕진구 중동로 104-16,063-211-7596
942,세종어반아트리움점,"세종특별자치시 나성북로 30, 퍼스트원 105호",044-865-8099
943,충북진천점,충청북도 진천군 진천읍 상산로 73 (읍내리),043-534-5509
944,호구포역점,"인천광역시 남동구 논현동 636-1, 제일프라자 1층 101호",032-428-3522
945,문경모전점,경상북도 문경시 모전로 61,054-552-2080
946,빽다방 빵연구소 아산배방월천점,충청남도 아산시 배방읍 월천2길 96,041-533-3206
947,고양덕은드림점,경기도 고양시 덕양구 으뜸로 124,02-3158-1123
948,나주혁신점,전라남도 나주시 상야1길 7,070-7585-8808
949,고양신원당점,"경기도 고양시 덕양구 고양대로1384번길 7-5 (성사동, 서강프라자)",031-969-4246
950,행당무학점,서울특별시 성동구 행당동 317-63,02-2299-0226
951,아산역점,충남 아산시 배방읍 희망로46번길 19-3 104호 ,070-8657-0195 
952,인천원창북항점,인천 서구 원창동 381-68 그리니프라자 104호,032-579-8490
953,아산순천향대학교점,충청남도 아산시 신창면 읍내리 582-10,041-910-4999
954,용인둔전점,경기도 용인시 처인구 포곡읍 둔전리 155-5,031-333-5388
955,일산위시티점,경기 고양시 일산동구 위시티2로11번길 11 ,0507-0284-4807
956,금호금남시장점,서울특별시 성동구 금호동 4가 567,02-6015-1838
957,전북부안점,전북 부안군 부안읍 번영로 123,063-582-0817
958,서귀포올레중앙점,제주 서귀포시 중정로61번길 19,064-733-4780
959,갈산역점,인천광역시 부평구 부평대로 293,032-650-5758
960,광주호남대점,광주광역시 광산구 선운로 8,062-943-2456
961,군산나운점,전라북도 군산시 나운동 95-17,063-462-0724
962,대구월배점,"대구광역시 달서구 대천동 934번지, 102호",053-632-1010
963,강원화천점,강원도 화천군 화천읍 중앙로 9,033-442-7773
964,진주역점,"경상남도 진주시 관문로 7, 율곡스퀘어 프런티어",055-761-9020
965,신용산해링턴점,서울 용산구 서빙고로 17(한강로3가) 해링턴스퀘어 판매시설동 1층 9호,02-797-9110
966,장위뉴타운점,서울 성북구 장월로 140 (장위동) 1층 ,02-941-1016
967,안산초지역푸르지오점,경기도 안산시 단원구 화랑로 150(원곡동) 초지역메이저타운 푸르지오-에코상가2동 106호,031-405-1005
968,화순광덕점,전라남도 화순군 화순읍 중앙로 93,061-371-0099 
969,청대사거리점,충청북도 청주시 청원구 직지대로 890,043-902-0122
970,전북진안점,전라북도 진안군 진안읍 진무로 1105-1,063-432-0763
971,경산진량점,경상북도 경산시 진량읍 공단1로 2(진량읍 신상리),053-854-8767
972,부평금호점,인천광역시 부평구 원길로 34,070-7537-2559
973,미사스마트밸리점,경기도 하남시 풍산동 490-2(미사강변서로 16) R111호,031-5175-7111
974,대전판암역점,대전광역시 동구 옥천로 177,042-282-0507
975,대구동호점,대구광역시 동구 신서동 538-1 동화해오름타운 101동 4호,053-965-2224
976,부평남부역점,인천광역시 부평구 경인로 948,032-522-0414
977,대구용산점,대구광역시 달서구 용산서로 9,070-7543-7783
978,아산테크노밸리점,충청남도 아산시 둔포면 석곡리 1671 108호,041-546-8751
979,경주로데오점,경상북도 경주시 계림로 110-2,054-745-6070
980,고양향동점,경기도 고양시 덕양구 향동동 꽃마을로 4,070-7819-4494
981,김천구미역점,경상북도 김천시 혁신1로 50 율곡스퀘어 ktx 117호,054-434-0717
982,여수진남관점,전라남도 여수시 동문로 9,061-666-7629
983,상봉역점,"서울특별시 중랑구 상봉동 113-4, 102호",02-433-0993
984,송파사거리점,서울시 송파구 가락로 113 금도빌딩 1층,02-421-1005
985,대전도마네거리점,대전광역시 서구 도산로 38,042-348-1113
986,광주일곡점,광주광역시 북구 설죽로 516 1층,062-572-6699
987,목포용당점,전라남도 목포시 영산로 257,061-272-0011
988,익산모현점,전라북도 익산시 모현동1가 822,063-854-7700
989,수원황골마을점,경기도 수원시 영통구 영통로 511,031-202-5988
990,용인동천점,경기도 용인시 수지구 동천동 887번지 1층 108호,031-262-9696
991,서산해미점,충청남도 서산시 해미면 남문2로 123 (읍내리),041-688-8884
992,청주강서점,충청북도 청주시 흥덕구 강서로 115(강서동 481) 1층,043-237-2326
993,나주혁신빛가람점,전라남도 나주시 빛가람동 643-1(월정5길 1) 1층 102호,061-331-1253
994,홍성내포청사점,충청남도 홍성군 홍북읍 청사로48번길 4,041-635-0822
995,충북증평점,충북 증평군 증평읍 중앙로 197 1층 102호,043-836-8999
996,의정부금오점,경기도 의정부시 금오동 472-5(청사로 47번길 7-24),031-851-1800
997,김포감정점,경기도 김포시 중봉로 12,031-998-3737
998,진주금산점,경남 진주시 금산면 중천로 80 (장사리) ,055-758-1428
999,경남함양점,경상남도 함양군 함양읍 용평리 691-3,055-963-0316
1000,도봉구민회관점,서울특별시 도봉구 도봉로 551,02- 902-1711
1001,용답로데오점,서울특별시 성동구 용답중앙15길 18,02-2215-2284
1002,동묘역점,서울시 종로구 종로334,02-745-7080
1003,군포첨단점,경기도 군포시 번영로 40,031-462-0307
1004,홍대거리점,서울특별시 마포구 어울마당로 75,02-336-3221
1005,안성중앙로점,경기도 안성시 중앙로379번길 4,031-677-9633
1006,대림역점,서울시 영등포구 도림로 144,02-832-8188
1007,석계중앙점,서울 성북구 한천로78길 63,02-960-7686
1008,목포석현점,전라남도 목포시 영산로 626,061-283-2979
1009,용인구성언남점,"경기도 용인시 기흥구 구성로 102, 1층 114호",031-286-0316
1010,무안남악시장점,전라남도 무안군 삼향읍 남악5로48번길 5,061-283-5114
1011,인천가좌점,인천광역시 서구 원적로 96  1층,032-572-9185
1012,삼미시장점,경기도 시흥시 삼미시장4길 18,070-7537-0726
1013,위례센터점,경기도 성남시 수정구 위례광장로 300,031-757-9370
1014,청라호수공원점,인천광역시 서구 청라루비로 99,032-561-5989
1015,고창군청점,전라북도 고창군 고창읍 읍내리 229-9,063 -561-6333
1016,포항우현점,경북 포항시 북구 아치로 9 (우현동) 1층,054-254-0105
1017,세종아름점,세종특별자치시 아름동 1293 해피라움 105호,044-715-5699
1018,화양사거리점,서울특별시 성동구 성수동2가 281-16(아차산로17길 57),02-6466-5599
1019,수지성복점,경기도 용인시 수지구 성복1로 106,031-261-0181
1020,서정리역점,경기도 평택시 서정동 318-15(정암로 6),031-664-9989
1021,나주듀플렉스호텔점,전라남도 나주시 배멧2길 13 듀플렉스호텔 1층,061-332-4502
1022,영천시청점,경상북도 영천시 충효로 74,054-337-8045
1023,신정네거리역점,서울시 양천구 중앙로 276 1층,02-2643-0101
1024,전주에코시티점,전북 전주시 덕진구 세병로 22 1층 103호,063-275-5632
1025,대전건양대병원점,대전광역시 서구 관저동 1896,042-716-0910
1026,청라좋은병원점,"인천광역시 서구 청라에메랄드로 84, 청라딜라이트2차 104호",032-278-5511
1027,제주동광육거리점,제주특별자치도 서귀포시 안덕면 신화역사로 502,064-794-0060
1028,제주연북로점,제주특별자치도 제주시 노형동 721,064-900-7460
1029,태전한아람초점,"경기도 광주시 태봉로 145-1, 1층 104호 (태전동, 세진상가)",031-767-2691
1030,강동구청점,서울시 강동구 성내로3길 1,0507-0288-9558
1031,삼호대불점,전라남도 영암군 삼호읍 대불주거5로 6,061-464-9903
1032,정읍상동점,전라북도 정읍시 상동 183-5,063-538-6669
1033,오창과학단지점,충청북도 청주시 청원구 오창읍 오창중앙로 121,043-212-6441 
1034,대구서구청점,대구 서구 죽채보상로 254,070-8877-7979
1035,가오리역점,서울특별시 강북구 수유동 339-6,02-991-0037
1036,아산탕정점,충청남도 아산시 탕정면 탕정면로8번길 33-14 (명암리),041-544-2022
1037,천안시청점,충청남도 천안시 서북구 불당동 1489(불당25로 208),041-522-6677
1038,덕양구청점,경기도 고양시 덕양구 화정로 53-1 글로리아 프라자 105호,031-962-1003
1039,춘천한림대점,강원도 춘천시 삭주로 64 (교동 15-3),033-241-2501
1040,대전중구청점,대전광역시 중구 대흥동 469-5(보문로 258),070-4647-2914
1041,아산북수점,"충청남도 아산시 배방읍북수서로 34, 105호",041-910-0410
1042,상도e편한점,서울특별시 동작구 만양로6 이편한세상 상도노빌리티 1층 106호,02-817-5588
1043,무안오룡점,"전라남도 무안군 일로읍 오룡중앙둥로 37, 1층 111·112호(오룡 에듀포레 푸르지오)",061-281-7215
1044,판교역점,"경기도 성남시 분당구 대왕판교로 606번길 31, 1층 104호",031-706-6888
1045,방학역점,서울특별시 도봉구 도봉로 153길 20,02-954-8748
1046,수유역점,서울특별시 강북구 번동 418-3 (도봉로 352),02-998-3344
1047,대전중리점,대전광역시 대덕구 중리북로 41,042-672-2010
1048,영종운서역점,인천광역시 중구 운서동 2803-1,032-746-9274
1049,대전관저더샵점,"대전광역시 서구 관저로 23, 1층 105호(관저동)",042-541-6478
1050,인천계양맛길점,"인천광역시 계양구 도두리로 33, 102호",032-556-0602
1051,안양박달시장점,경기도 안양시 만안구 박달동 21-22,031-443-1040
1052,충북영동점,충청북도 영동군 영동읍 계산로 3,043-742-7890
1053,부평장제로점,"인천광역시 부평구 장제로 99, 벨라루체 104",032-710-2680
1054,다산롯데캐슬점,"경기도 남양주시 다산중앙로146번길 22 (다산동, 다산진건지구 상업2-6-1)",031) 564-0701
1055,망우역사거리점,"서울특별시 중랑구 망우동 479, 한일씨너스빌리젠시 1단지",02-433-8825
1056,양주고읍점, 경기 양주시 고읍남로 7 센터 656 105호,031-846-4536
1057,세종대후문점,서울특별시 광진구 군자로 108,02-463-6665
1058,포항문덕점,"경상북도 포항시 남구 오천읍 원동로 24, 1층",054-293-0333
1059,서수원홈플러스점,"경기도 수원시 권선구 금곡동 1124-1, 1층  S타워 105호",031-227-9777
1060,별내북부점,"경기도 남양주시 별내3로 322, 1층 104호",031-527-2389 
1061,김포풍무사거리점,경기도 김포시 풍무로 112,031-998-7545
1062,대전정부청사점,"대전광역시 서구 둔산중로 134번길 29,  1층 청사프라자 160호",042-331-9795
1063,산본학원가점,경기도 군포시 산본로 394 대림프라자 106호,031-396-7322
1064,일산백마점,"경기도 고양시 일산동구 일산로208, 한일파킹타운 103호",031-813-8423
1065,돈암아리랑점,서울특별시 성북구 아리랑로 75,02-924-3050
1066,대구만촌점,"대구광역시 수성구 교학로 58, 1층 (만촌동)",053-742-6221
1067,대구범어KBS점,"대구광역시 수성구 범어로 73 (범어동, 범어에스케이뷰 아파트 2단지)",053) 752-3357
1068,인천학익점,"인천광역시 미추홀구 매소홀로 355, 학익프라자 106호",032-876-6010
1069,구미확장단지점,"경상북도 구미시 산동면 신당1로2길 13, 110호 (신당리 1433)",054-474-1198
1070,부천강남시장점,경기도 부천시 옥산로 155 (도당동 283-18),032-676-3334
1071,대구서부정류장역점,대구광역시 달서구 구마로 264 (송현동),053-623-8862
1072,파주야당역점,경기도 파주시 경의로 1074,031-949-3788
1073,세종대평점,"세종특별자치시 한누리대로 2236, A 140호",044-272-3457
1074,암사역점,서울특별시 강동구 올림픽로 770,02-488-0079
1075,청주지웰시티점,충청북도 청주시 흥덕구 대농로 39(청주 솔밭초등학교 앞),043-238-4002
1076,경남창녕점,"경상남도 창녕군 창녕읍 군청길 23 (술정리), 1층",055-532-8090
1077,천안성성점,"충청남도 천안시 서북구 성성8로 2-34, 우리타워 101호",041-554-2020
1078,강변역점,서울특별시 광진구 강변역로4길 10,02-447-0423
1079,인천청라커낼점,인천광역시 서구 청라커낼로 260번길 15,032-567-3618
1080,서원대점,충청북도 청주시 서원구 서원남로 50-5 (서원대 후문),043-903-1199
1081,순천오천점,"전남 순천시 오천6길 16, 104호",061-741-5987
1082,망월사역점,"경기도 의정부시 호원동 459, 신일엘리시움 1층 108호",031-871-0410
1083,다산중앙점,"경기도 남양주시 다산중앙로123번길 9, 로데오프라자 102호",031-554-5545
1084,김제터미널점,"전라북도 김제시 동서로 232, 1층 101호(요촌동)",063-545-2922
1085,미사강변점,"경기도 하남시 미사강변대로226번길 14, 에스프라자 미사 1층",031-791-7091
1086,대전죽동점,"대전광역시 유성구 죽동로 295, 101호",042-822-7755
1087,시흥은행점,"경기도 시흥시 은행로 155번길 5, 1층 103호",031-315-2007
1088,전주하가점,"전라북도 전주시 덕진구 가련사로 7, 102호 (덕진동2가)",063-274-8100
1089,동대문역점,"서울특별시 종로구 종로 289, 1층(창신동)",02-766-0950
1090,사천정동점,경상남도 사천시 정동면 진삼로 1394-1,055-854-6264
1091,시흥은계점,"경기도 시흥시 은계남로 12, 호반써밋상가 148호",031-316-8808
1092,연신내사거리점,서울특별시 은평구 통일로 840,02-356-9548
1093,월곡래미안점,"서울 성북구 오패산로 98 ,1층 빽다방",02-910-8800
1094,수원SKV1점,"경기도 수원시 권선구 평동로79번길 45, 112호 (평동, 수원SKV1 모터스 건물 1층)",031-227-0314
1095,백석역점,"경기도 고양시 일산동구 일산로 46, 1층 107호 (백석동, 남정씨티프라자)",031-905-2888
1096,경주용황점,"경상북도 경주시 용황로 74, 협성휴포레용황아파트 상가",054-748-3393
1097,답십리사거리점,서울특별시 동대문구 답십리동 243-2 (전농로 97-1),02-2245-8993
1098,송정역점,서울특별시 강서구 공항대로 23,02-2661-4822
1099,산본사거리점,경기도 군포시 고산로 694-1,031-385-3563
1100,수원영통구청점,경기도 수원시 영통구 효원로 393. 101호,031-217-9335
1101,천안직산점,충청남도 천안시 서북구 직산읍 삼은3길 13,041-581-1900
1102,천안신방점,"충청남도 천안시 동남구 통정4로 10, 1층 104호(신방동)",041-578-7700
1103,대전월평역점,대전광역시 서구 월평중로 20,042-488-8889
1104,광주경안점,"경기도 광주시 중앙로 110, 1층 105-2호(경안동)",031-797-1007
1105,목포옥암점,"전라남도 목포시 당가두로 18, 옥암지구 1호공원 앞",061-283-0118
1106,청주금천광장점,충청북도 청주시 상당구 산성로 98번길 35 (청주금천광장 옆),043-284-5556
1107,일산문화공원점,경기도 고양시 일산동구 중앙로1275번길 38-10 (고양등기소 옆),031-932-3369
1108,옥길퀸즈파크점,경기도 부천시 옥길로 118  퀸즈파크 B동 105호,032-343-7472
1109,시흥배곧타운점,"경기도 시흥시 배곧4로 30, 배곧타운 1상가",031-499-9328
1110,청주오송점,"충청북도 청주시 흥덕구 오송읍 오송생명5로 179, 102호",043-236-1577
1111,쌍문역점,서울특별시 도봉구 도봉로 479,02-902-7971
1112,가산두산위브점,서울특별시 금천구 가산로 99, 02-830-4559
1113,대구대실역점,"대구광역시 달성군 다사읍 달구벌대로 866, 1층 105호",053-592-3242
1114,인천작전역점,인천광역시 계양구 효서로 233,032-555-8175
1115,선정릉역점,서울특별시 강남구 봉은사로54길 9,NULL
1116,하남풍산점,경기 하남시 덕풍동 744  111호,031-792-2523
1117,양주옥정신도시점,경기도 양주시 옥정동 966-10  폴리프라자 3 104호,031-863-8470
1118,송파하비오점,"서울시 송파구 문정동 618 파크하비오 204동 117,118호",02-400-3379
1119,구산역점,서울특별시 은평구 연서로 129 (구산동 1-15),02-353-6011
1120,원주무실동점,"강원도 원주시 능라동길 51, 시네씨티타워 1층",033-736-0111
1121,구미인동점,경북 구미시 인의동 375-2,054-715-7774
1122,시흥능곡점,경기도 시흥시 능곡동 741 태영프라자 111호,031-404-2301
1123,전주KBS점,전북 전주시 완산구 마전로 7,063-222-1021
1124,개봉역점,서울시 구로구 개봉동 203-7,02-2613-2220
1125,청주율량주성점,충북 청주시 청원구 율량로 187,043-298-3232
1126,합정역점,서울 마포구 월드컵로1길 14 (합정동) B-112-1호,02-336-7106
1127,영주가흥동점,경상북도 영주시 대동로34번길 2,054-631-9990
1128,평택안중점,경기 평택시 안현로서8길 57,031-683-0916
1129,마포경찰서점,서울시 마포구 아현동 618-8 (마포대로 179),02-363-6383
1130,선유도역점,서울시 영등포구 양평동4가 114-1,02-2631-1600
1131,목포터미널점,전남 목포시 영산로 515 (상동),061-272-1862
1132,대전목원대점,대전광역시 서구 도안북로93번길 31,042-826-2028
1133,인천루원시티점,"인천 서구 봉오재3로 96, 새롬프라자 1층",032-565-8857
1134,굽은다리역점,서울시 강동구 명일동 346-1,02-428-8797
1135,시흥세종프라자점,경기도 시흥시 정왕동 1882-4 세종프라자 119호,031-431-0218
1136,빽다방 빵연구소 인천동춘점,"인천광역시 연수구 앵고개로 256, 1층 107호,108호(동춘동)",032-817-7779
1137,창동역점,"서울 도봉구 마들로11길 57, 102호",02-995-7711
1138,인천굴포천역2호점,"인천광역시 부평구 장제로 224,1층",032-504-5757
1139,남원중앙점,"전라북도 남원시 남문로 447,1층 104호(하정동)",063-625-1125
1140,강서블루나인점,"서울특별시 강서구 양천로 583 (염창동,우림블루나인비즈니스센터) 지하1층",02-2093-2066
1141,상왕십리역점,서울 성동구 하왕십리동 946-16,02-2291-7080
1142,낙성대역점,서울시 관악구 봉천동 1686-11,02-884-5585
1143,원주혁신도시점,강원 원주시 반곡동 1886-3,033-746-4660
1144,송림오거리점,"인천광역시 동구 송림로 91, 1층(송림동)",032-773-2891
1145,예산터미널점,"충남 예산군 예산읍 역전로140번길 2, 1층",0507-1332-7806
1146,세종시청점,"세종특별자치시 한누리대로 2143, 101호 (보람동, 금강시티타워)",044-863-5036
1147,올림픽북단점,서울시 광진구 아차산로 480,02-2201-1888
1148,성남의료원점,"경기도 성남시 수정구 수정로 176-1, 1층 일부호(신흥동)",031-757-8010
1149,충북옥천점,충청북도 옥천군 옥천읍 중앙로 45-1,043-732-5887
1150,마두역점,경기 고양시 일산동구 중앙로 1189,031-901-3354
1151,구로KT점,서울특별시 관악구 신림동 1668-15,02-858-4366
1152,진주초전점,경남 진주시 초전동 1648-5,055-763-1325
1153,오류동역남부점,서울 구로구 오류동 148-2,02-2060-6610
1154,빽다방 빵연구소 제주사수본점,제주 제주시 도두이동 1679,064-711-0228
1155,수원못골시장점,경기 수원시 팔달구 중부대로 42,031-225-8797
1156,울산옥동점,울산광역시 남구 거마로 15,052-258-0285
1157,목포용해점,전남 목포시 연산백련로 13,061-279-1828​ 
1158,용인죽전점,"경기도 용인시 수지구 현암로 154, 1층 108호(죽전동, 거풍프라자)",031-889-1533
1159,구의역점,서울 광진구 아차산로 380,02 444 4855
1160,울산송정중앙점,울산광역시 북구 송정16길 28,052 294 8882
1161,평택고덕역점,"경기도 평택시 고덕여염12길 68, 1층",031-611-8777
1162,방이시장점,서울 송파구 백제고분로48길 6,02-415-1500
1163,천안성환중앙점,충남 천안시 서북구 성환읍 성환2로 105,041-903-0410
1164,영종하늘도시점,"인천 중구 하늘별빛로 75 (중산동) 로얄페스타, 105호",032-752-0207
1165,순천대점,"전남 순천시 삼산2길 33, 1층",061-754-9286
1166,신림난곡점,서울 관악구 난곡로 178,02-868-6863
1167,목포역점,전라남도 목포시 수문로 9,061-242-8825
1168,전주예수병원점,전라북도 전주시 완산구 서원로 345,063-287-1009
1169,김해장유점,경상남도 김해시 삼문로 22,055 326 0410
1170,인천원당점,인천광역시 서구 고산후로95번안길 21,032-566-6950
1171,구미형곡점,경북 구미시 신시로 59,054-451-3063
1172,성남수진푸르지오점,"경기도 성남시 중원구 광명로 89, 푸르지오센트럴오피스텔 상가 1층",031 722 3592
1173,응암대림시장점,서울 은평구 응암로 169,02-304-8860
1174,천안청당점,"충청남도 천안시 동남구 청수4로 10, 106호",041-562-0369
1175,천안백석점,충청남도 천안시 서북구 백석4길 44,041-558-5654
1176,양재시민의숲역점,서울시 서초구 마방로2길 94,02-573-0421
1177,대전봉명우산점,대전광역시 유성구 문화원로 86,042-825-2900
1178,아주대점,경기도 수원시 영통구 아주로 18(원천동),070-7543-3601
1179,경산옥곡점,경북 경산시 경산로16길 2-6,053-814-7676
1180,시흥장곡공원점,경기도 시흥시 진말로9번길 15,070-4009-3311
1181,화곡역점,서울시 강서구 화곡로25길2,02-2606-1117
1182,보라매타운점,서울특별시 동작구 보라매로 5가길 7,02-832-9706
1183,전주송천오송점,전라북도 전주시 덕진구 천마산로 52(송천동1가 107-200),063-251-3255
1184,태안터미널점,충청남도 태안군 태안읍 동백로 307,041-674-9877
1185,대전탑립테크노점,대전광역시 유성구 테크노10로 31,042-671-1100
1186,행신역점,경기도 고양시 덕양구 충경로 52,031-970-6456
1187,화천사내면점,강원도 화천군 사내면 사내로 40-3,033-441-4321
1188,순천호수공원점,전남 순천시 왕지2길 15,061-722-3883
1189,부천원미사거리점,경기 부천시 원미로 119 1층,032-612-4377
1190,인천효성명현점,인천 계양구 효성동 63-8,032-553-3294
1191,노원문화의거리점,서울특별시 노원구 노해로79길 6-19,02-939-1350
1192,제주외도점,제주 제주시 우정로 15길 1,064-711-0771
1193,대화역점,"경기도 고양시 일산서구 중앙로 1568(대화동, 하성프라자)",031-911-4999
1194,성남신흥역점,"경기도 성남시 수정구 산성대로 267, 1층 119-1호(신흥동)",031-733-8889
1195,봉천역점,서울시 관악구 남부순환로 1729(봉천동 926-36),02-882-5585
1196,인천마전역점,"인천광역시 서구 완정로 60 (마전동, 정안빌딩)",032-568-5726
1197,김포풍무역점,김포시 유현로 238번길 31 웅신타워 114호,031 998 7540
1198,용인역북남부점,경기도 용인시 처인구 명지로60번길 8-13,031 335 9146
1199,광주봉선쌍용점,광주시 남구 봉선로 172 (봉선동 109-3번지),062-652-1121
1200,장안동사거리점,서울특별시 동대문구 장한로 140,02-3394-6122
1201,신논현역점,"서울시 서초구 사평대로 367, 1층",02-548-0410
1202,전주서신중앙점,전북 전주시 완산구 당산로 39 제일비사벌아파트 상가 108동 111호,063-274-2233
1203,세종새롬중앙점,"세종특별자치시 새롬중앙로 47, 세움빌딩 112호",070-7797-4732
1204,청주율량중앙점,충청북도 청주시 청원구 율량로 104,043-211-4001
1205,익산시민공원점,전북 익산시 무왕로 13길 17,063-918-3737
1206,인천법원삼거리점,"인천광역시 미추홀구 소성로 159, 1층 108호",032-874-1255
1207,탄현역제니스점,경기도 고양시 일산서구 탄현동 1640,031-911-0615
1208,부천역남부점,경기 부천시 경인로 210, 032-614-1007
1209,진주호탄점,경남 진주시 강변길9번길 6,055-741-3350
1210,동두천지행역점,경기도 동두천시 지행동 지행로 56,031-868-2825
1211,응암역점,"서울특별시 은평구 은평로 56, 1층(신사동, 안건빌딩)",02-303-3319
1212,전주동산점,전라북도 전주시 덕진구 쪽구름로 58,063-214-3789
1213,인천도화청운대점,인천광역시 미추홀구 숙골로87번길 24. 101호 (도화동 가야프라자),032-873-3833
1214,동탄중앙어울림점,경기 화성시 동탄대로시범길 142 센텀프라자 1층 108-1호,031-373-7020
1215,대구달성테크노점,"대구광역시 달성군 유가읍 테크노상업로 98, 1층",053-611-4701
1216,인천검단사거리점,인천광역시 서구 검단로 474 뷰비스타운 1층,032-565-9700
1217,인천서구청점,인천시 서구 탁옥로 45,032-567-3798
1218,광교법조타운점,경기도 수원시 영통구 광교중앙로266번길 22,031-211-2017
1219,문산당동점,"경기도 파주시 문산읍 방촌로 1725, 107호(좋은빌딩3)",031-954-1160
1220,화성향남로데오점,"경기도 화성시 향남읍 상신하길로328번길 26, 1층 101호(키움프라자)",031-352-0188
1221,수원탑동점,"경기도 수원시 권선구 탑동로3번길 13, 1층(탑동)",070-4135-9999
1222,인천검암서해점,"인천광역시 서구 승학로 497(검암동, 검암프라자)",032-561-8550
1223,예천신도시점,"경상북도 예천군 호명면 새움3로 26, 103호(에비뉴타워)",054-654-0575
1224,용인구성역점,"경기 용인시 기흥구 용구대로 2398, 주상가동 1층 101-3호(마북동, 연원마을벽산아파트)",031-283-0999
1225,양평로데오점,경기도 양평군 양평읍 양근리 358-5,031-774-8886
1226,빽다방 빵연구소 신사사거리점,서울시 서초구 강남대로 605,02-517-0410
1227,충주신연수리첼점,충청북도 충주시 번영대로 216,043-854-1003
1228,경남거창중앙점,​경상남도 거창군 거창읍 중앙로 123,055-945-3622
1229,청주분평중앙점,"충청북도 청주시 서원구 1순환로 1107번길 20, 1층",043-295-7971
1230,인천더블유병원점,"인천 미추홀구 인주대로 410, 탑클래시아 1층",032-421-3302
1231,인천월미도점,"인천 중구 월미로 237 (북성동1가), 1층",032-761-7778
1232,신대방역점,서울시 관악구 난곡로 363,02-851-5975
1233,김포장기역점,"경기도 김포시 김포한강1로51번길 28, 105호(장기동 , 레드클로버)",031-997-4777
1234,파주금촌1호점,"경기도 파주시 문화로 102 , 제1호(금촌동)",031-948-3358
1235,인천계산삼거리점,"인천광역시 계양구 경명대로 1059, 1층 일부호(계산동)",032-556-8858
1236,KBS본관점,서울특별시 영등포구 의사당대로 38,02-783-0783
1237,천안불당지웰점,"충청남도 천안시 서북구 불당26로 50, 근린생활시설4동 E103호",041-551-8867
1238,천안불당정석점,충남 천안시 서북구 불당21로 71 정석프라자 117호,041-567-2737
1239,보령중앙점,충청남도 보령시 중앙로81,041-935-5555
1240,안산중앙역롯데점,"경기 안산시 단원구 고잔로 108, 1층",031-403-4333
1241,인천청라쓰리엠점,"인천광역시 서구 중봉대로586번길 9-4, 106호(연희동, 쓰리엠타워)",032-566-8833
1242,수원권선웰빙점,경기도 수원시 권선구 세지로 73,070-8830-9194
1243,인천구월로데오점,인천 남동구 성말로 9,032-815-0410
1244,평택팽성점,경기도 평택시 팽성읍 팽성송화로 219 1층,031-692-8855
1245,진주과기대점,"경상남도 진주시 동진로 21, 1층 (칠암동)",055-753-1435
1246,홍성내포중앙점,충청남도 홍성군 홍북읍 청사로 174번길 2 113호,041-635-0222
1247,목포북항골든점,"전라남도 목포시 원산중앙로 10, 1층 105호(산정동, 한성골든빌)",061-278-1120
1248,용인흥덕이시티점,"경기도 용인시 기흥구 흥덕2로87번길 18 C동 115호(영덕동, 이씨티)",031-212-1369
1249,대구진천역점,대구광역시 달서구 월배로 96 (진천동),053-633-8780
1250,울산달동1호점,울산광역시 남구 달동 신정로23 삼성아파트 205동 103호,052-274-2274
1251,논산중앙점,충남 논산시 중앙로 480번길 12 글로벌 알디빌딩 1층 108호,041-732-1030
1252,수원인계CGV점,"경기도 수원시 팔달구 효원로 265번길 54, 110호",070-8802-8276
1253,발산역플레이스점,서울특별시 강서구 강서로 395. 플레이스 H 108호,02-2659-2119
1254,시흥배곧메가점,경기도 시흥시 서울대학로 278번길 43-13 112호,031-497-5384
1255,오산세교삼미점,경기 오산시 오산대역로 210 1층 ,031-375-8452
1256,대전유천버드내점,대전광역시 중구 태평로 22-1,042-527-1401
1257,고양삼송신원점,경기도 고양시 덕양구 신원로 40-46,02-381-8929
1258,대구다사세천점,"대구광역시 달성군 다사읍 세천로 160, 엠코타운 더솔레뉴 상가 303동 105호",053-592-2233
1259,대전가수원중앙점,대전광역시 서구 계백로 1135,042-542-0773
1260,천안역점,충청남도 천안시 동남구 대흥로 228,041-566-2737
1261,인천석바위시장점,"인천광역시 남구 경원대로 848(주안동, 주안태흥프라자)",032-432-0411
1262,마곡나루역북부점,"서울특별시 강서구 마곡중앙5로 1길 20, 1층",02-3662-0504
1263,당진읍내점,충남 당진시 당진중앙2로 103-11 (읍내동) 1층,041-354-0177
1264,부산장림점,부산광역시 사하구 장림번영로103번길 5,051-265-0410
1265,인천길병원점,"인천광역시 남동구 구월남로 174 , 1층 107호(구월동,그랜드프라자)",032-464-1891
1266,인천용현토지점,인천광역시 남구 낙섬중로 40(용현동),032-884-9910
1267,사가정역점,서울특별시 중랑구 면목로 330-1 1층,02-432-2337
1268,정읍터미널점,전라북도 정읍시 중앙로 41,063-532-7733
1269,김포통진마송점,경기도 김포시 통진읍 조강로 39,031-996-1786
1270,인천임학역점,인천광역시 계양구 장제로 885-1,032-555-7877
1271,약수역점,서울특별시 중구 다산로 131,02-6082-0950
1272,무안전남도청점,전라남도 무안군 삼향읍 남악3로 82번길 14  107호,061-283-1025
1273,서대전샘물타운점,대전광역시 유성구 원내로38 원내코아 108호,042-546-1014
1274,광주상무메가점,광주광역시 서구 시청로 60번길 21-6 1층 101호,062-222-8464
1275,서산터미널점,충청남도 서산시 율지8로 4 1층,041-664-0180
1276,구파발역미켈란점,"서울 은평구 진관2로 15-8 (진관동, 웅신 미켈란의아침) 1층 101호",02-386-0202
1277,광양중마사랑점,"전라남도 광양시 공영로 67, 1층",061-792-0066
1278,천안두정역점,"충청남도 천안시 서북구 두정로 271, 1층",041-523-5559
1279,고양원흥역점,"경기도 고양시 덕양구 삼송로 12, 반도유스퀘어 106호",031-963-1947
1280,신설동역1호점,서울특별시 동대문구 왕산로 20,02-6104-7979
1281,전주대점,"전라북도 전주시 완산구 백마산길 25, 1층",063-225-2912
1282,방이역코오롱점,"서울시 송파구 마천로 25, 1층",02-425-4317
1283,파주운정이마트점,경기도 파주시 와석순환로 125 1층 103로,031-947-8751
1284,동탄영천한백점,"경기도 화성시 지산2길 4-2, 1층",031-372-3070
1285,대구경대병원점,"대구시 중구 동덕로26길 18, 1층",053-425-8383
1286,호텔더본 제주점,제주도 서귀포시 색달로 18,064-766-8933
1287,송도캠퍼스타운점,"인천시 연수구 송도과학로27번길 55, 캠퍼스타운 D동 103호",032-822-0203
1288,대구신월성점,대구광역시 달서구 조암로 29 이래타워 지상 1~2층 112호,053-644-1224
1289,포항영일대점,경상북도 포항시 북구 삼호로 237 1층,054-241-0308
1290,대전전민중앙점,"대전시 유성구 유성대로 1740, 1층",042-862-0305
1291,이태원점,"서울시 용산구 보광로59길 37, 1층",02-797-3122
1292,화성향남중앙점,"경기도 화성시 향남읍 행정중앙2로 63-34, 명신프라자 103호",031-353-2276
1293,동인천역점,"인천시 중구 자유공원로 5, 1~2층",032-777-2226
1294,인천신현하늘채점,인천광역시 서구 석곶로 2,032-583-2301
1295,부천약대점,"경기도 부천시 평천로 718, 1층",032-672-5040
1296,구로시장점,"서울시 구로구 구로동로26길 125, 1~2층",02-856-0779
1297,김포구래점,"경기도 김포시 김포한강9로 80, 다온프라자 123호",031-989-0412
1298,인하대역SK점,인천광역시 미추홀구 용정공원로 33, 032-278-1021 
1299,순천조례주공점,"전라남도 순천시 신월큰길 32, 1층",061-724-5888
1300,청주터미널점,"충청북도 청주시 흥덕구 풍년로 148-1, 1층",043-236-0412
1301,까치산역점,"서울시 강서구 강서로 48, 1층",02-2699-9966
1302,천왕역점,서울특별시 구로구 오리로 1149,02-2688-7766
1303,홍천중앙점,강원특별자치도 홍천군 홍천읍 꽃뫼로 99 (신장대리) 1층,033-432-4531
1304,온양온천역점,충남 아산시 온천대로 1487-5(온천동 211-2번지),041-549-0524
1305,수원권선이마트점,경기 수원시 권선구 덕영대로1201번길 28 금강빌딩 107호,031-236-9194
1306,용인동백역점,경기도 용인시 기흥구 동백중앙로 175,031-282-6674
1307,파주운정산내점,"경기도 파주시 청암로17번길 25, 운정블루 102호",031-947-4539
1308,대전탄방로데오점,"대전광역시 서구 둔산중로14번길 36, 124호(탄방동)",042-471-9396
1309,대전선병원점,"대전시 중구 목중로 18, 1층",042-221-2111
1310,고양원당중앙점,"경기도 고양시 덕양구 호국로 809, 1층",031-969-8044
1311,청주산남점,"충청북도 청주시 서원구 산남로 64, 엔젤변호사빌딩 107호",043-284-7111
1312,천안상명대점,"충청남도 천안시 동남구 각원사길 52,1층 103호",041-522-4261
1313,군포당정역은하점,"경기도 군포시 고산로 248, 은하프라자 1층",031-399-0452
1314,목포평화광장점,"전라남도 목포시 원형로 4-1, 1층",061-285-1254
1315,천안쌍용중앙점,"충청남도 천안시 서북구 미라8길 23, 1층",041-575-5879
1316,영등포구청역점,서울시 영등포구 당산로 113 (당산동3가 378),02-2068-8870
1317,의왕포일프라자점,"경기도 의왕시 봇들로 40 101호 (포일동,포일프라자)",031-422-7786
1318,등촌역점,"서울시 양천구 공항대로 564, 1층",02-6401-0000
1319,당산역점,서울 영등포구 양평로 28-1 (당산동6가) 1층,02-2069-1965
1320,군포당정삼거리점,"경기도 군포시 고산로151번길 7, 1층",031-342-7429
1321,경남고성송학점,"경상남도 고성군 고성읍 송학로 140, 1층",055-674-5678
1322,여수웅천해변점,"전라남도 여수시 예울마루로 37-15, 1층",061-685-5110
1323,성남을지대점,"경기도 성남시 수정구 산성대로 535, 1층",031-748-0323
1324,문정법조현대점,"서울특별시 송파구 법원로11길 11, 문정현대지식산업센터1-1 A동 125호",02-3400-0369
1325,구로디지털역점,"서울시 구로구 디지털로32길 79, 1층",02-861-2929
1326,수원남문점,"경기도 수원시 팔달구 정조로 787-2, 1층",031-244-9960
1327,강북구청점,서울시 강북구 도봉로87길 48,02-991-9599
1328,강릉금학점,강원도 강릉시 신대학길 14,033-647-1333
1329,강동역헤르셔점,"서울시 강동구 천호대로 1089, 신동아파밀리에 B16호",02-471-5371
1330,강남포스코센터점,서울시 강남구 삼성로85길 11,02-554-9799
1331,강남역태극당점,서울시 강남구 테헤란로4길 46,02-501-8467
1332,강남역지하도점,서울시 강남구 강남대로 396 강남역 지하 쇼핑센터 E-36,02-3452-3989
1333,강남역월드점,서울시 서초구 서초대로77길 37,02-537-1519
1334,가산대륭점,서울시 금천구 벚꽃로 298 107-2호,02-2083-8578 
1335,가락시장역점,서울시 송파구 송파대로28길 27,02-404-0410
1336,강남소망점,서울시 강남구 언주로159길 3,02-518-3570
1337,강릉교동중앙점,강원도 강릉시 솔올로 51,033-652-6566
1338,경남산청중앙점,"경상남도 산청군 산청읍 웅석봉로 11, 1층",055-973-0410
1339,건대역화양점,"서울특별시 광진구 아차산로 29길 29-1, 1층",02-462-4886
1340,건대로데오점,"서울시 광진구 아차산로 220, 노유송천빌딩 1층",02-464-2147
1341,거제고현터미널점,경상남도 거제시 서문로 79,055-633-3989
1342,강원대점,"강원도 춘천시 서부대성로239번길 4, 1층",033-257-7737
1343,광운대점,"서울특별시 노원구 광운로 43, 로얄포토빌딩 1층",070-7752-5322
1344,광명하안뉴코아점,경기도 광명시 범안로 1042,02-897-9764
1345,광명철산점,"경기도 광명시 오리로856번길 25, 남원빌딩 1층",02-2684-0410
1346,광명사거리역점,"경기도 광명시 오리로 987, 1층",02-2611-0112
1347,광교경기대후문점,"경기도 수원시 영통구 대학로 46, 킴엔코시티하임 103",031-309-5263
1348,관악구청점,"서울시 관악구 관악로 155, 1층",02-877-6966
1349,과천렉스타운점,"경기도 과천시 별양상가1로 25, 렉스타운 102호",02-3418-7787
1350,공주대점,"충청남도 공주시 공주대학로 87, 1층",041-881-3890
1351,공덕역새창로점,서울특별시 마포구 새창로 15-1,02-719-4263 
1352,공덕역롯데캐슬점,"서울 마포구 마포대로 109 (공덕동, 롯데캐슬프레지던트)",02-718-7367
1353,고양서정마을점,경기도 고양시 덕양구 서정마을1로 20-10,031-979-2100
1354,고속터미널역점,서울특별시 서초구 신반포로 177 반포쇼핑타운 1층 16호,02-535-3608
1355,계양구청점,"인천시 계양구 계산새로 71, 하이베라스 C-111호",032-288-0101
1356,경주분황사점,"경상북도 경주시 알천남로 314, 1층",054-777-6070
1357,경북대정문점,"대구시 동구 경대로 36, 1층",053 -959-6151
1358,군포당동우체국점,"경기도 군포시 군포로499번길 3, 1층",031-427-3669
1359,구파발역점,서울특별시 은평구  진관2로 15-46 메트로 프라자 1층 110호,02-389-0101
1360,구미역점,"경상북도 구미시 구미중앙로 80-1, 1층",054-456-1599
1361,구미구평롯데점,"경상북도 구미시 인동36길 21, 1층",054-474-2313
1362,구리인창늘푸른점,"경기도 구리시 건원대로34번길 51, 삼환신일아파트상가 106호",031-555-8860
1363,구리돌다리점,"경기도 구리시 검배로6번길 27, 1층",031-555-5557
1364,구로코오롱점,"서울특별시 구로구 디지털로30길 31, 코오롱빌란트2차 109호",02-2081-1675
1365,구로로제리움점,"서울시 구로구 가마산로26길 5, 로제리움2차 104호",02-856-0375
1366,광주충장로2호점,광주광역시 동구 금남로1가 19-4,062-222-7454
1367,광주충장로1호점,"광주시 동구 중앙로160번길 15-6, 1~2층",062-225-5481
1368,광주첨단로데오점,"광주시 광산구 첨단중앙로106번길 11, 104호",062-973-8054
1369,광주이마트점,"경기도 광주시 광주대로 30, 광주터미널 이프라자 ,1층",031-799-7710
1370,광주수완대로점,"광주 광산구 장신로 135 ,1층 빽다방",062-956-2965
1371,광주상무1호점,광주광역시 서구 치평동 1185-6 휴먼빌딩 1층 108호,062-375-4230
1372,대구도원골든점,"대구시 달서구 도원로 24, 1층",053-635-0853
1373,대구교동시장점,대구광역시 중구 북성로1가 1-11길 (동성로 82),053-426-7877
1374,대구감삼역점,"대구시 달서구 달구벌대로 1662, 1층",053-566-3911
1375,단대오거리역점,"경기도 성남시 중원구 산성대로 354, 태성빌딩 1층",031-731-0503
1376,논산시청점,"충청남도 논산시 시민로194번길 10, 1층",041-733-7121
1377,노원역우리은행점,"서울시 노원구 노해로 482, 덕영빌딩 102",02-930-1350
1378,노량진학원점,"서울시 동작구 만양로 94-2, 1층",02-811-7737
1379,남양주장현점,"경기도 남양주시 진접읍 장현로 77, 장현프라자 130",031-574-0480
1380,김포한강CGV점,"경기도 김포시 김포한강11로 288-32, 골든스퀘어 117호",031-997-4556
1381,김포장기쌍용점,"경기도 김포시 김포한강2로23번길 50, 더베니스 111호",031-988-4563
1382,길음역점,"서울특별시 성북구 동소문로 248, 삼부상가 110호",02-909-3002
1383,금정역점,"경기도 군포시 산본천로 226번길 1, 1층",031-393-3694
1384,대전관평중점,"대전시 유성구 테크노4로 115, 1층",042-931-0606
1385,대전가오CGV점,대전광역시 동구 가오동607번지 105호,042-273-0915
1386,대구혁신1호점,"대구시 동구 첨단로8길 10, 이노타워 1층",053-965-9399
1387,대구칠곡점,대구광역시 북구 칠곡중앙대로 638,053-325-3737
1388,대구죽전삼정점,대구광역시 달서구 달구벌대로 1533,053-567-3911
1389,대구율하광장점,"대구시 동구 안심로22길 40, 우석타워 107호",053-965-1440
1390,대구월성원더풀점,"대구시 달서구 조암로 48, 1층",053-202-1223
1391,대구신매협화점,"대구시 수성구 신매로 91, 협화상가 113-104",070-7538-1724
1392,대구성서롯데점,"대구시 달서구 성서로 414, 메가스타 112호",053-582-1607
1393,대구상인역롯데점,대구 달서구 상인서로 103-6,053-638-3991
1394,대구보건대점,"대구시 북구 칠곡중앙대로69길 26, 1층",053-311-3911
1395,대구범어역점,"대구시 수성구 달구벌대로 2396, 1층",053-741-1308
1396,대구반월당현대점,"대구시 중구 달구벌대로 2081-22, 1층",053-255-5814
1397,대구반월당지하점,"대구시 중구 달구벌대로 지하 2100, 메트로센터 지하 C-112호",053-253-0169
1398,대구두류점,"대구시 달서구 달구벌대로344길 34, 1층",053-626-7898
1399,대구동성로2호점,"대구광역시 중구 동성로 5길 11, 1층 (동성로 2가)",053-428-6001
1400,대치동학원가점,서울 강남구 대치동 941번지 1층,02-553-1515
1401,대전한남대점,대전광역시 대덕구 한남로 27,042-628-2104
1402,대전터미널서관점,"대전시 동구 동서대로 1689, 대번복합터미널 서관 136호",042-621-2848
1403,대전탄방세이점,"대전시 서구 문정로 86, 1층",042-471-1009
1404,대전타임월드점,"대전시 서구 둔산로31번길 35, 1층",042-487-8334
1405,대전을지병원점,대전 서구 둔산동 1367,042-489-5566
1406,대전은행점,대전광역시 중구 중앙로156번길 24,042-226-7070
1407,대전은행2호점,대전시 중구 대종로480번길 56,042-223-0628
1408,유성리베라점,"대전광역시 유성구 계룡로 64, 102-2호",042-826-2171
1409,대전우송대점,"대전시 동구 동대전로 169, 1층",042-627-0305
1410,대전시청역점,"대전시 서구 둔산중로 40, 리치빌 1층",042-488-2914
1411,대전스타게이트점,"대전시 서구 대덕대로 325, 스타게이트 1층 65호",042-484-3971
1412,대전송촌공원점,"대전시 대덕구 송촌북로16번길 58, 1층",0507-1332-7806
1413,대전법원점,"대전 서구 둔산로137번길 27, 둔산빌딩 1층",042-472-1274
1414,대전배재대점,"대전시 서구 배재로 160, 1층",NULL
1415,대전반석역점,대전광역시 유성구 북유성대로 303,042-825-0373
1416,대전롯데점,"대전시 서구 도솔로 382, 1층",042-534-9396
1417,대전둔산향촌점,"대전시 서구 둔산로 14, 1층",042-487-6100
1418,대전둔산중앙점,"대전시 서구 대덕대로185번길 22, 1층",042-483-7667
1419,대전노은CGV점,"대전시 유성구 은구비남로33번길 5, 경남아너스빌 111호",042-822-3283
1420,마포복사꽃공원점,서울 마포구 마포대로4길 16,02-6403-7100
1421,동해천곡점,"강원도 동해시 한섬로 111-7, 현진빌딩 106호",033-535-2323
1422,동탄은행사거리점,"경기 화성시 동탄지성로 121 (반송동43-2),센터럴파크 오피스텔 105호",031-613-8293
1423,동탄석우점,"경기도 화성시 삼성1로 160, 디지털스테이션 1층",031-8003-3134
1424,동탄북광장점,"경기도 화성시 반송동 88-12, 리더스프라자 106호",031-8003-0844
1425,동탄남광장점,"경기도 화성시 메타폴리스로 54, 117호",031-613-1148
1426,동여의도점,"서울 영등포구 국제금융로 86 (여의도동, 롯데캐슬 아이비) 상가 1층 124호 ",02-786-0020
1427,부산동아대승학점,부산광역시 사하구 하단2동 816-3,051-914-8285
1428,대구동성로1호점,대구 중구 동성로2가 67-2번지 1층,053-252-9111
1429,동서울대점,경기도 성남시 수정구 복정로 72번길 4,031-759-2929
1430,독산롯데점,"서울특별시 금천구 시흥대로 399, 시티렉스 102",02-805-8885
1431,부산광복로점,"부산시 중구 남포길 25-6, 1~2층",051-254-0410
1432,부산경성대점,"부산시 남구 수영로298번길 9, 1층",051-622-9073
1433,범계역점,경기도 안양시 동안구 평촌대로 223번길 42,031-387-7713
1434,범계역사거리점,경기도 안양시 시민대로 171 금강벤처텔 1층,031-382-2322
1435,방화사거리점,"서울시 강서구 금낭화로 91-2, 대승프라자 1층",02-2663-9560
1436,반포고투몰점,"서울시 서초구 신반포로 지하 200, 강남터미널 지하쇼핑몰 G-018호",02-537-5526
1437,반포고투몰2호점,"서울특별시 서초구 신반포로 지하200, 강남터미널 지하쇼핑몰 T-012호",02-3477-6663
1438,미금역농협점,"경기도 성남시 분당구 돌마로90번길 4, 엘레강스프라자 1동 104호",031-713-1021
1439,문산시장점,"경기도 파주시 문산읍 문산로 35-3, 1~2층",031-952-1027
1440,목포장미의거리점,"전라남도 목포시 비파로51번길 31, 1층(상동)",061-283-0170
1441,목동파리공원점,서울 양천구 목동서로 65 (목동가든스위트),02-2648-8202
1442,목동역점,서울 양천구 오목로 231 (신정동),02-2606-1883
1443,명학역점,"경기도 안양시 만안구 안양로 110, 1층",031-340-7758
1444,명일역점,"서울시 강동구 구천면로 418, 1층",NULL
1445,명동중앙우체국점,"서울시 중구 남대문로 58-1, 1층",010-4259-3600
1446,부평청천중점,인천시 부평구 부평구 세월천로 35,032-511-7978
1447,부평테마의거리점,"인천광역시 부평구 경원대로 1395, 부평일번가빌딩 110호",032-525-1123
1448,부평로데오점,인천광역시 부평구 부평대로20번길 18-1,032-514-7775
1449,부천중동현대점,"경기도 부천시 석천로169번길 34, 파크리움 103호",032-327-3777
1450,부천원종중앙점,"경기도 부천시 오정구 소사로 747, 1층",032-672-0798
1451,부천역CGV점,경기도 부천시 원미구 부일로460번길 5,032-667-9548
1452,부천신중동점,"경기도 부천시 중동로 254번길 64, 신일아르디세 104호",032-221-0844
1453,부천상지초교점,"경기도 부천시 원미구 장말로199번길 6-4, 1층",032-656-2400
1454,부산화명코오롱점,"부산시 북구 금곡대로285번길 19, 1층",051-363-3197
1455,부산정관동오점,"부산광역시 기장군 정관면 정관읍 정관7로 17-3, 동오A타워 105호",051-727-8033
1456,부산장산역점,"부산시 해운대구 해운대로 814, 1층",051-703-8434
1457,서산호수공원점,"충청남도 서산시 호수공원10로 7, 101호 (예천동, 배터라이프)",041-666-0180
1458,서대전홈플러스점,대전시 중구 계백로 1686번길 16,042-587-0410
1459,상현역광교점,"경기도 용인시 수지구 광교중앙로 310, 신명프라자 105호",031-261-9749
1460,상암KGIT점,"서울특별시 마포구 월드컵북로 402, KGIT센터 105",02-6393-5582
1461,상동역푸른마을점,"경기도 부천시 원미구 상동로 84,1층",032-328-9960
1462,상동역북부점,경기 부천시 길주로 105,032-328-3400
1463,삼척대학로점,강원특별자치도 삼척시 진주로 29,033-940-1220
1464,삼성전자정문점,경기도 수원시 영통구 삼성로 172-4,031-8081-0079
1465,산본중앙점,"경기도 군포시 산본로343번길 23, 1층",031-393-8550
1466,산본역점,"경기도 군포시 산본로323번길 16-5, 1층",031-390-6210
1467,불광역점,서울 은평구 통일로 738-1,02-352-3530
1468,분당정자카페점,"경기도 성남시 분당구 정자일로 230, 파라곤3단지상가 105호",031-717-2031
1469,야탑역NC점,"경기도 성남시 분당구 야탑로75번길 15, 세화2001빌딩 104-1호",031-703-3965
1470,분당서현대명점,"경기도 성남시 분당구 황새울로360번길 12, 1층",031-706-4014
1471,분당서현교보점,"경기도 성남시 분당구 분당로 53번길9,106호",031-705-9323
1472,송내역로데오점,"경기도 부천시 상일로 92, 삼회월드프라자 102",032-323-7600
1473,송내역남부점,경기도 부천시 소사구 송내대로 33 105호,032-462-3259
1474,속초중앙로점,"강원도 속초시 중앙로 123-1번지, 1층",070-8819-5504
1475,소래포구한화점,"인천시 남동구 소래역남로 12, 거목프라자 1층",032-441-1182
1476,센텀SH밸리점,"부산시 해운대구 센텀동로 35, 1층",051-746-5011
1477,세종도담센트럴점,"세종시 한누리대로 583, 도담센트럴프라자 105호",044-862-2290
1478,성신여대역점,"서울특별시 성북구 동소문로20나길 3, 1층",02-928-4618
1479,성수역롯데캐슬점,"서울시 성동구 성수이로 113, 1층",02-464-2876
1480,성남수진점,"경기도 성남시 수정구 수정로 106, 113호",031-757-6288
1481,성남가천대역점,"경기도 성남시 수정구 성남대로 1330, 일성오피스텔 105호",031-604-4414
1482,선릉중앙점,"서울시 강남구 선릉로86길 8, 1층",02-566-0708
1483,선릉역1호점,서울특별시 강남구 테헤란로51길 10 정다운빌딩 102호,02-557-0410
1484,서초우성점,서울특별시 서초구 사임당로 181,02-585-5055
1485,서초역점,"서울시 서초구 서초대로 240, 동일하이빌 110호",02-522-0100
1486,서울대메트로빌점,"서울특별시 관악구 남부순환로 1811 (봉천동, 신원메트로빌) 1층",02-875-0577
1487,서울교대점,"서울특별시 서초구 서초중앙로22길 25, 서초리시온 109호",02-586-0511
1488,서울과기대점,"서울시 노원구 공릉로 217, 1층",02-949-0112
1489,순천연향점,"전라남도 순천시 연향상가8길 23, 1층",061-725-1223
1490,순천신대1호점,전라남도 순천시 해룡면 신대2길 3,061-900-9800
1491,수원천천롯데점,"경기도 수원시 장안구 만석로19번길 25-3, 강민크리닉 106",031-268-8789
1492,수원정자백설점,"경기도 수원시 장안구 정자천로173번길 17, 투대일타운 102",031-268-8777
1493,수원장안cgv점,"경기도 수원시 장안구 경수대로940, 일호골든타워 108",031-239-3005
1494,수원인계중앙점,경기도 수원시 인계로166번길 48-21,070-4147-3147
1495,수원영통중앙점,"경기도 수원시 청명남로 31, 키라레스토아 1층 105-1호",031-273-3885
1496,수원역점,"경기도 수원시 팔달구 향교로 9-1, 1층",070-4131-2628
1497,수원성균관대역점,"경기도 수원시 장안구 서부로 2129-1, 1층",031-292-0410
1498,수원망포역점,"경기도 수원시 영통구 덕영대로 1535, 현대프라자 112호",031-205-8959
1499,수원금곡칠보점,경기도 수원시 권선구 금곡로 100(금곡동 1082),031-293-5755
1500,수서역점,"서울시 강남구 밤고개로1길 10, 수서현대벤처빌 109호",02-3412-4243
1501,수내역초림점,"경기도 성남시 분당구 백현로101번길 17, 초림프라자 1층",031-717-0811
1502,송도학원가점,"인천광역시 연수구 신송로 161(송도 더 하이츠, 106호)",032-831-4496
1503,송도월드마크점,"인천광역시 연수구 컨벤시아대로 116, 103호",032-834-4801
1504,송도글로벌1호점,"인천광역시 연수구 송도문화로28번길 28, 204동 1층 4-130호(송도동, 송도글로벌캠퍼스푸르지오)",032-811-1107
1505,송내역법조타운점,"경기도 부천시 원미구 부일로221번길 46, 1층",032-323-3050
1506,안산선부산호점,"경기도 안산시 단원구 선부광장1로 66, 용현빌딩 104",031-405-5995
1507,상록수역점,경기도 안산시 상록구 본오동 874-3 상림프라자 1층 103호,031-406-7333
1508,안산본오주공점,"경기도 안산시 상록구 샘골로 189,1층",031-418-9875
1509,안산고잔월드점,"경기도 안산시 단원구 광덕대로 174, 월드타운 1층",031-439-0410
1510,안산고잔롯데점,"경기도 안산시 단원구 광덕대로 145, 강희그랜드오피스텔 106호",031-411-3574
1511,안동옥동센터점,"경상북도 안동시 광명로 171-1, 1층",054-852-3157
1512,안동문화의거리점,"경상북도 안동시 서동문로 184-1, 1층",054-855-6566
1513,아차산점,"서울시 광진구 천호대로129길 17, 1층",02-3437-3377
1514,아산신용화점,충청남도 아산시 용화고길 55번길 21,041-544-0046
1515,아산배방점,충남 아산시 배방읍 배방로 25 1층,041-910-0167
1516,신촌역점,"서울시 서대문구 연세로2길 6, 1층",02-363-3284
1517,신중동역점,"경기도 부천시 길주로 307, 로얄프라자 107",032-329-0913
1518,신림역1호점,서울 관악구 신림동 1639-8 1층,02-887-8833
1519,시흥정왕옥구점,경기도 시흥시 옥구상가2길 3,031-434-1255
1520,시흥정왕로데오점,경기도 시흥시 정왕동 1738-1 로즈프라자 1층,031-434-2007
1521,순천중앙점,"전라남도 순천시 중앙7길 2, 1층",061-755-0225
1522,여의도시범상가점,"서울특별시 영등포구 63로 45, 시범상가 7동 13호",02-761-6916
1523,양재역점,"서울시 강남구 남부순환로 2615, 극동스타클래스 104호",02-575-0824
1524,압구정역점,강남구 신사동 압구정로 156,02-3446-0410
1525,압구정로데오점,"서울특별시 강남구 선릉로161길 25, 1층",02-3445-5751
1526,안양평촌학원가점,경기 안양시 동안구 평촌대로 130 신세기프라자 109호,031-385-5585
1527,안양역점,"경기도 안양시 만안구 만안로 224, 1층",031-466-6260
1528,안양비산점,안양시 동안구 비산동 관악대로 177,031-384-0513
1529,안양남부시장점,"경기도 안양시 만안구 안양로 259, 1층",031-446-3494
1530,안양관양타워점,"경기도 안양시 동안구 관악대로287번길 33, 1층",031-385-7890
1531,안양일번가점,"경기도 안양시 만안구 장내로139번길 35, 1층",031-443-2119
1532,안암역점,"서울시 성북구 인촌로 99-7, 1층",02-925-3246
1533,안성공도골드점,"경기도 안성시 공도읍 공도로 132, 골드일번가 113호",031-618-6367
1534,안산한대앞역점,경기도 안산시 상록구 광덕1로 369,031-408-0403
1535,안산초지풍림점,"경기 안산시 단원구 광덕1로 64 (초지동, 현대프라자) 1층",031-482-0410
1536,안산중앙역점,경기도 안산시 단원구 중앙대로 907 안산종합상가 1동1117호,031-439-4333
1537,안산중앙역남부점,경기도 안산시 단원구 광덕4로 234 115호,031-481-9361
1538,안산원곡보성점,"경기도 안산시 단원구 원초로 30, 보성프라자 108-1호",031-405-5288
1539,수지구청점,경기도 용인시 수지구 풍덕천로 144-1 102호,031-306-7000
1540,용인처인중앙점,"경기도 용인시 처인구 금령로 90번길 3-4, 1층 (김량장동)",031-338-9146
1541,용인기흥구청점,"경기도 용인시 관곡로64번길 18, 모닝프라자 108",031-285-1366
1542,용인강남대점,"경기도 용인시 기흥구 강남로 3, 강남앤플러스 124호",031-274-8002
1543,용산문배점,서울시 용산구 백범로 90길 74,02-703-0410
1544,용산국방부점,서울특별시 용산구 이태원로 4길 14,02-749-4631
1545,왕십리역점,"서울시 성동구 왕십리로 320-1, 한일빌딩 103",02-2291-0060
1546,오창호수공원점,"충청북도 청주시 청원구 오창읍 중심상업1로 50, 1층",043-215-1525
1547,오산역점,경기 오산시 대원로 14 명동빌딩 1층,070-8264-0927
1548,오산시청점,"경기도 오산시 오산동 운암로 35 , 1층 104호",031-378-1751
1549,오금역점,"서울시 송파구 오금로 306, 가락스타클래스 111호",02-2043-8500
1550,영주하망동점,경상북도 영주시 영주로 231(하망동 345-30),054-633-6788
1551,영등포신세계점,서울시 영등포구 영중로 5,02-2635-4320
1552,연신내역점,"서울시 은평구 연서로29길 6, 1층",02-389-2682
1553,역삼테헤란로점,"서울시 강남구 테헤란로10길 25, 1층",02-553-2111
1554,역삼역GS점,"서울시 강남구 봉은사로30길 73, 1층",02-565-0410
1555,은평초교점,"서울시 은평구 은평로 235, 1층",02-353-1082
1556,월곡역점,"서울시 성북구 화랑로 91, 1층",02-6369-2666
1557,원효용문시장점,서울특별시 용산구 새창로 132,02-6223-3994
1558,원주중앙1호점,"강원도 원주시 무실로12번길 31, 1층",033-748-7787
1559,원주장미공원점,"강원도 원주시 장미공원길 32, G2타워 101",033-747-8900
1560,원주단구GS점,"강원도 원주시 남원로534번길 20, 1층",033-762-3123
1561,원광대점,"전라북도 익산시 무왕로4길 4, 1층",063-852-5089
1562,울산일산점,"울산시 동구 일산진11길 23, 1층",052-252-9002
1563,울산삼산현대점,울산광역시 남구 돋질로 302번길 17,070-7743-0410
1564,우장산역점,"서울시 강서구 강서로 245, 1층",02-2601-1119
1565,용인죽전누리점,"경기도 용인시 기흥구 죽전로 20, 108호(보정동, 누리애뜰상가)",031-898-0933
1566,인천굴포천역점,"인천 부평구 길주로647번길 20, 삼성프라자 101호",032-519-6536
1567,인천구월아시아점,"인천광역시 남동구 인하로 607, 모아프라자 106호",032-464-9289 
1568,인천구월NC점,"인천광역시 남동구 인하로 497-9, 1층 101호(구월동, 신현프라자)",032-433-3600
1569,인천구월CGV점,"인천광역시 남동구 예술로 198, CGV 홈플러스 1층",032-446-0410
1570,인천간석벽산점,"인천시 남동구 호구포로 921, 청산빌딩 101호",032-432-0410
1571,인천가좌한신점,"인천시 서구 장고개로337번길 16, 한신휴플러스상가 401-117",032-577-9185
1572,인제대점,"경상남도 김해시 인제로 187, 1층",055-324-4748
1573,인덕원역우정점,"경기도 안양시 동안구 관악대로 480, 우정빌딩 104",031-422-1102
1574,익산영등제일점,"전라북도 익산시 고봉로30길 4, 1층",063-831-0030
1575,이천로데오점,"경기도 이천시 어재연로37번길 27, 1층",031-633-3880
1576,의정부센트럴점,"경기도 의정부시 시민로 80, 센트럴타워 A-110호",031-870-2230
1577,의정부로데오점,"경기도 의정부시 호국로1298번길 77, 1층",031-848-6869
1578,의정민락위드점,경기도 의정부시 오목로205번길 22,031-851-5929
1579,의왕계원예대점,"경기도 의왕시 계원대학로 40, 1층",031-421-0447
1580,응암역이마트점,"서울시 은평구 은평로 101, 1층",02-6408-6603
1581,을지로입구역점,"서울시 중구 남대문로9길 10, 1층",02-318-1770
1582,잠실새내점,"서울시 송파구 백제고분로7길 45, 1층",02-420-8838
1583,일산후곡9단지점,"경기도 고양시 일산서구 일산로 559, 성일빌딩1층",031-922-5999
1584,일산주엽역점,"경기도 고양시 일산서구 강성로 121, 일산삼회프라자 113",031-924-5894
1585,일산라페스타점,"경기도 고양시 일산동구 무궁화로 31-2, 풍성프라자 108",031-926-3471
1586,일산동구청점,경기도 고양시 일산동구 정발산로 38 이스턴시티 122호,031-932-1994
1587,인하대점,인천광역시 인하로77번길 29,032-872-6555
1588,인천청라진영점,"인천시 서구 청라라임로 71, 진영메디피아 1층",070-8211-0074
1589,인천차이나타운점,"인천시 중구 차이나타운로 24-2, 1층",032-777-2891
1590,인천연수점,인천광역시 연수구 먼우금로188번길 12,032-812-1219
1591,인천신포시장점,인천광역시 중구 신포동 64-3,032-762-1788
1592,인천신기시장점,"인천시 남구 인하로 259, 1층",032-876-9910
1593,인천송도점,"인천광역시 연수구 컨벤시아대로 81, 드림시티 1층",032-858-0410
1594,인천서창e편한점,"인천시 남동구 서창남로 50, 1층",032-466-5384
1595,인천모래내시장점,"인천광역시 남동구 구월로 268, 1층 103호",032-464-5219
1596,인천만수1호점,인천광역시 남동구 만수로 59,032-246-2207
1597,인천라피에스타점,"인천시 남동구 논고개로 61, 라피에스타 168호",032-435-7955
1598,인천동암역북부점,"인천광역시 부평구 열우물로 39, 1층",032-424-7837
1599,인천논현역점,"인천광역시 남동구 논고개로 93, 1층 109호(논현동, 보미리즌텔)",032-422-0020
1600,인천논현역2호점,"인천시 남동구 논고개로123번길 17, 아이플렉스 134-1호",032-426-0207
1601,인천남동초교점,"인천시 남동구 장승남로 41, 101호",032-463-1343
1602,조선대후문점,"광주광역시 동구 필문대로273번길 8, 1층",062-222-2298
1603,제천중앙로점,"충청북도 제천시 의림대로14길 2, 1층",043-651-7111
1604,제주중앙여고점,제주특별자치도 제주시 남광로2길 43-13,070-8814-6545
1605,서귀포시청점,제주특별자치도 서귀포시 중앙로 109. 1층,064-762-6451
1606,제주삼화부영점,"제주도 제주시 화삼북로 135, 1층",064-723-5479
1607,제주대학로점,"제주도 제주시 광양8길 12-1, 1층",070-8625-5222
1608,제주노형뜨란채점,제주도 제주시 노형동 수덕로 35,064-711-5538
1609,정왕역점,"경기도 시흥시 마유로 418번길 10, 104호",031-433-7714
1610,정릉시장점,"서울특별시 성북구 보국문로 50, 1층",070-4151-0229
1611,전주서신롯데점,"전라북도 전주시 완산구 새터로 122-23, 1층",063-251-8989
1612,전주객사1호점,"전라북도 전주시 완산구 전주객사5길 44-6, 1층",063-283-2911
1613,전북도청타운점,"전라북도 전주시 완산구 홍산중앙로 33, O&J빌딩 102",063-223-1021
1614,전북대1호점,"전라북도 전주시 덕진구 권삼득로 301, 1층",063-272-3235
1615,전남대후문점,"광주시 북구 우치로90번길 16, 1층",062-261-9228
1616,장한평역점,"서울시 동대문구 천호대로85길 7, 1층",02-2216-0410
1617,잠실장미상가점,"서울시 송파구 올림픽로35길 104, 잠미종합상가 A상가 110호",02-419-4999
1618,잠실역지하도점,서울시 송파구 올림픽로 265 잠실역지하쇼핑센터 B-12호,02-413-2016
1619,천안쌍용월봉점,"충청남도 천안시 서북구 월봉로 84, 월봉메디컬빌딩 105호",041-576-5858
1620,천안신부점,충남 천안시 동남구 먹거리 11길 40,041-522-9052
1621,천안두정중앙점,"충청남도 천안시 서북구 두정로 166, 1층",041-562-5552
1622,천안구성점,"충청남도 천안시 동남구 충절로 292, 1층",041-567-5858
1623,창원합성1호점,경상남도 창원시 마산회원구 합성동 265-13(합성남7길6 백양빌딩1층),055-297-2237
1624,창원시티세븐점,경남 창원시 성산구 원이대로 320 시티세븐몰 G동 1층 130호,055-600-5665
1625,창원상남시장점,"경상남도 창원시 성산구 마디미로 39, 1층",055-281-3715
1626,창원메트로시티점,"경상남도 창원시 마산회원구 삼호로 80, 메트로시티상가 B동 1층",055-251-0266
1627,진주로데오점,"경상남도 진주시 촉석로186번길 6, 1층",055-790-9388
1628,진주경상대1호점,"경상남도 진주시 진주대로 516번길 6-1, 1층/2층(103호/ 201호)",055-757-1236
1629,중랑역동부시장점,"서울시 중랑구 망우로32길 14, 1층",02-432-1077
1630,중계은행사거리점,"서울시 노원구 한글비석로 235, 1층",02-932-0410
1631,주안역점,"인천 미추홀구 주안로 100, 1층",032-423-4262
1632,종암사거리점,"서울시 성북구 종암로 132, 우림카이저팰리스 상가 111호",02-998-8934
1633,종로관철점,"서울시 종로구 종로10길 21,1층",02-720-0102
1634,평택이충점,"경기도 평택시 이충로35번길 22, 뜨란프라자 102호",031-668-9007
1635,평택소사벌1호점,"경기도 평택시 평남로 929, 1층 107호(비전동,우리타워)",031-618-1518
1636,평택로데오점,경기도 평택시 평택2로 10번길 34 (평택동),031-651-7877
1637,평촌역금강점,"경기도 안양시 동안구 시민대로 311, 금강스마트빌딩 1층",031-346-0272
1638,평촌CGV점,"경기도 안양시 동안구 관평로170번길 33, 1층",031-388-5020
1639,평내호평역점,"경기도 남양주시 늘을2로 32, 호평프라자 113호",031-559-5455
1640,판교유스페이스점,"경기도 성남시 분당구 대왕판교로 660, 유스페이스 1층 134호",031-628-1789
1641,파주금릉역점,"경기도 파주시 금빛로 24, 1층 우평프라자 105호",031-949-1917
1642,통영시립도서관점,경상남도 통영시 무전3길 14,055-643-7913
1643,탐라도서관점,"제주도 제주시  노형6길 27, 1층",064-625-3100
1644,충북대중문점,"충청북도 청주시 서원구 내수동로 101, 1~2층",043-266-1007
1645,충남대후문점,대전시 유성구 궁동로18번길 37,042-826-1131
1646,춘천석사CGV점,"강원도 춘천시 지석로 85, 강남프라자 101호",033-261-8701
1647,춘천명동점,"강원특별자치도 춘천시 중앙로67번길 18 (죽림동, 브라운가) 1층 제1105호 ",033-242-0410
1648,청주중앙공원점,"충청북도 청주시 상당구 상당로59번길 13, 1층",043-225-1122
1649,천호역롯데점,"서울시 강동구 천호옛길 94, 1층",02-474-0410
1650,천호역로데오점,"서울시 강동구 올림픽로70길 57, 1층",02-477-0066
1651,화정역점,"경기도 고양시 덕양구 화신로272번길 58, 1층 107호",031-973-6310
1652,화성삼성점,"경기도 화성시 효행로 1289, 일동 1층 일부호(반월동)",031-225-7773
1653,화성병점점,"경기도 화성시 효행로 1028, 섬성프라자 1층",031-225-0990
1654,홍제삼거리점,"서울시 서대문구 통일로 426, 1층",02-732-0410
1655,홍성로데오점,충청남도 홍성군 홍성읍 아문길29번길 56 (오관리) 1층,041-631-1627
1656,홍대입구점,서울 마포구 와우산로23길 44 (서교동) 1층 ,02-322-0645
1657,홍대극동방송국점,"서울시 마포구 와우산로13길 2, 1층",02-324-9790
1658,해운대역리베라점,부산광역시 해운대구 구남로29번길 32,051-743-5004
1659,한티역점,"서울시 강남구 도곡로 405, 1층",02-501-7750
1660,한양대점,"서울시 성동구 마조로 21, 1층",02-2297-3234
1661,포항죽도시장점,경상북도 포항시 중앙로 256-3,054-246-1508
1662,포천송우중앙점,"경기 포천시 소흘읍 송우로 80, 황금프라자 , 1층",031-543-3255
1663,시흥거모점,경기도 시흥시 군자로 517-1,031-508-0159
1664,등촌성당점,"서울특별시 강서구 공항대로41길 51, 세신그린코아 101호",02-3663-4067
1665,남대문시장점,서울시 중구 퇴계로 37,02-772-9750
1666,시흥대야롯데점,경기도 시흥시 비둘기공원7길 51,031-312-7093
1667,대구침산점,대구광역시 북구 침산로 168,053-242-1252
1668,청주성안롯데점,"충청북도 청주시 상당구 성안로 13, 씨유멀티플렉스 1004호",043-221-5991
1669,제주제원점,제주도 제주시 신광로 56,064-747-2451
1670,천안성정롯데점,충청남도 천안시 서부3길 77,041-565-5800
1671,세종시정부청사점,세종특별자치시 도움8로 11-11,044-866-7563
1672,파주교하중앙점,경기도 파주시 청석로 262,031-945-3354
1673,마곡역GMG점,강서구 마곡중앙6로 16 마곡지엠지타워 1층,02-3662-4246
1674,서울숲역점,서울 성동구 왕십리로 100,02-499-8242
1675,청주가경골드점,"충청북도 청주시 흥덕구 가경로 9-22, 골드프라자 108호",043-232-1860
1676,당진문예의전당점,"충청남도 당진시 시청1로 77, 1층",041-357-7947
1677,명지대점,서울특별시 서대문구 거북골로 19,02-302-4495
1678,면목역점,"서울시 중랑구 겸재로 178, 1층",02-6014-5368
1679,광주태전점,경기도 광주시 고불로 56,031-797-9721
1680,고속터미널지하점,서울시 서초구 신반포로 188 고속터미널 지하 5호매장,02-594-0410
1681,대전관저중앙점,대전광역시 서구 관저로 157,042-541-0773
1682,대전중앙로지하점,"대전시 중구 중앙로 지하145, 중앙로지하상가 C구역 가열 14호",042-242-9090
1683,야탑역대덕점,"경기도 성남시 분당구 성남대로926번길 6, 1층",031-701-5221
1684,인천옥련점,인천광역시 연수구 독배로 35 106호,032-833-5298
1685,통영터미널점,"경상남도 통영시 광도면 죽림4로 37-11, 1층",055-646-2435
1686,망원시장점,서울특별시 마포구 월드컵로13길 34,02-332-2740
1687,수원역전시장점,"경기도 수원시 팔달구 덕영대로 931-1, 1층",031-252-0330
1688,화성수원대점,경기 화성시 봉담읍 와우로 108,031-224-2238
1689,시흥월곶점,경기도 시흥시 월곶동 1014-3 101호,031-404-7316
1690,남양주덕소점,"경기도 남양주시 와부읍 덕소로 88, 1층",031-521-7674
1691,군산수송점,"전라북도 군산시 동수송안길 21, 1층",063-471-0401
1692,대전역점,"대전시 동구 대전로815번길 3, 1층",042-226-0454
1693,분당미금역천사점,"경기도 성남시 분당구 성남대로 165, 천사의도시오피스텔 1층 110호",031-716-3888
1694,울산남목초교점,"울산시 동구 동해안로 28, 1층",052-235-4003
1695,용인동백쥬네브점,"경기도 용인시 기흥구 동백중앙로 283, 골드프라자 D121호",031-274-1366
1696,청량리역점,"서울시 동대문구 왕산로 209, 1층",02-3293-0032
1697,총신대입구역점,"서울시 서초구 동작대로 128, 1층",NULL
1698,동탄솔빛나루점,"경기도 화성시 동탄중앙로 76, 서건프라자 109호 1층",031-8003-0402
1699,신대방삼거리점,서울특별시 동작구 국사봉1길 28,02-825-5077
1700,충남대병원점,대전광역시 중구 계룡로920번길 36,042-220-5901
1701,태평로점,"서울시 중구 세종대로 82, 1층",02-318-3323
1702,구미상모점,"경상북도 구미시 상사서로 77, 1층",054-465-5460
1703,천안불당중앙점,"충청남도 천안시 서북구 검은들3길 58, 매가클래스블루 1층",041-556-0410
